0,Fan of Knives,2
0,Vanish,2
0,Deadly Poison,2
0,Backstab,2
0,Shadowstep,2
0,Antique Healbot,2
0,Preparation,2
0,Gang Up,2
0,Coldlight Oracle,2
0,Eviscerate,2
0,Brann Bronzebeard,1
0,Sap,2
0,Shiv,2
0,Sprint,1
0,Blade Flurry,1
0,Youthful Brewmaster,2
1,Fel Reaver,2
1,Sea Giant,1
1,Jeeves,1
1,Abusive Sergeant,2
1,Piloted Shredder,1
1,Keeper of the Grove,2
1,Innervate,2
1,Living Roots,2
1,Defender of Argus,2
1,Mark of the Wild,2
1,Savage Roar,2
1,Haunted Creeper,2
1,Darnassus Aspirant,1
1,Dragon Egg,2
1,Nerubian Egg,2
1,Echoing Ooze,2
2,Savage Combatant,1
2,Leper Gnome,2
2,Swipe,2
2,Piloted Shredder,2
2,Living Roots,2
2,Keeper of the Grove,2
2,Innervate,2
2,Knife Juggler,2
2,Fel Reaver,2
2,Dr. Boom,1
2,Savage Roar,2
2,Druid of the Saber,2
2,Shade of Naxxramas,2
2,Darnassus Aspirant,2
2,Druid of the Claw,2
3,Murloc Knight,1
3,Truesilver Champion,1
3,Equality,1
3,Justicar Trueheart,1
3,Zombie Chow,2
3,Piloted Shredder,2
3,Antique Healbot,1
3,Eadric the Pure,1
3,Quartermaster,1
3,Knife Juggler,2
3,Big Game Hunter,1
3,Defender of Argus,1
3,Consecration,2
3,Ironbeak Owl,1
3,Sludge Belcher,2
3,Coghammer,1
3,Lay on Hands,1
3,Tirion Fordring,1
3,Shielded Minibot,2
3,Dr. Boom,1
3,Muster for Battle,2
4,Counterspell,1
4,Arcane Missiles,2
4,Flamewaker,2
4,Mirror Image,1
4,Frostbolt,2
4,Unstable Portal,2
4,Piloted Shredder,2
4,Flamecannon,1
4,Mirror Entity,1
4,Arcane Blast,1
4,Mana Wyrm,2
4,Clockwork Gnome,1
4,Mad Scientist,2
4,Archmage Antonidas,1
4,Azure Drake,2
4,Fireball,2
4,Dr. Boom,1
4,Arcane Intellect,2
5,Faceless Manipulator,1
5,Power Word: Shield,2
5,Shrinkmeister,1
5,Shadow Word: Death,1
5,Cabal Shadow Priest,2
5,Eydis Darkbane,1
5,Deathlord,2
5,Defender of Argus,1
5,Tournament Medic,1
5,Shadowboxer,2
5,Northshire Cleric,2
5,Divine Spirit,2
5,Inner Fire,2
5,Velen&#x27;s Chosen,2
5,Ysera,1
5,Emperor Thaurissan,1
5,Holy Nova,2
5,Lightbomb,2
6,Polymorph,2
6,Molten Giant,2
6,Echo of Medivh,2
6,Effigy,1
6,Flamestrike,2
6,Water Elemental,1
6,Frost Nova,2
6,Antique Healbot,2
6,Unstable Portal,1
6,Duplicate,2
6,Mad Scientist,2
6,Sunfury Protector,1
6,Alexstrasza,1
6,Emperor Thaurissan,1
6,Doomsayer,2
6,Deathlord,1
6,Arcane Intellect,2
6,Ice Block,2
7,Anyfin Can Happen,2
7,Hammer of Wrath,1
7,Equality,2
7,Bluegill Warrior,2
7,Divine Favor,1
7,Blessing of Wisdom,2
7,Eadric the Pure,1
7,Lay on Hands,2
7,Bloodmage Thalnos,1
7,Grimscale Oracle,2
7,Consecration,2
7,Muster for Battle,2
7,Enter the Coliseum,2
7,Murloc Warleader,2
7,Tirion Fordring,1
7,Wild Pyromancer,1
7,Old Murk-Eye,1
7,Solemn Vigil,1
8,Gormok the Impaler,1
8,Wolfrider,2
8,Arcane Golem,2
8,Truesilver Champion,2
8,Leeroy Jenkins,1
8,Argent Squire,2
8,Knife Juggler,2
8,Divine Favor,2
8,Consecration,1
8,Ironbeak Owl,1
8,Leper Gnome,2
8,Blessing of Might,1
8,Seal of Champions,2
8,Shielded Minibot,2
8,Muster for Battle,2
8,Haunted Creeper,2
8,Argent Horserider,2
9,Execute,2
9,Cruel Taskmaster,1
9,Battle Rage,2
9,Piloted Shredder,2
9,Grommash Hellscream,1
9,Dread Corsair,2
9,Loatheb,1
9,Grim Patron,2
9,Armorsmith,2
9,Slam,1
9,Acolyte of Pain,2
9,Unstable Ghoul,1
9,Death&#x27;s Bite,2
9,Inner Rage,2
9,Fiery War Axe,2
9,Dr. Boom,1
9,Whirlwind,2
10,Dark Cultist,1
10,Sylvanas Windrunner,1
10,Mind Control,1
10,Justicar Trueheart,1
10,Lightbomb,2
10,Cabal Shadow Priest,2
10,Circle of Healing,2
10,Light of the Naaru,1
10,Power Word: Shield,2
10,Auchenai Soulpriest,2
10,Injured Blademaster,2
10,Zombie Chow,2
10,Northshire Cleric,2
10,Sludge Belcher,2
10,Shadow Word: Death,2
10,Thoughtsteal,1
10,Holy Nova,1
10,Vol&#x27;jin,1
11,Fan of Knives,2
11,Bloodmage Thalnos,1
11,Deadly Poison,2
11,Backstab,2
11,Tinker&#x27;s Sharpsword Oil,2
11,Piloted Shredder,1
11,Earthen Ring Farseer,2
11,Violet Teacher,2
11,Loatheb,1
11,Preparation,2
11,SI:7 Agent,2
11,Eviscerate,2
11,Azure Drake,2
11,Sprint,2
11,Sap,2
11,Blade Flurry,2
12,Lord Jaraxxus,1
12,Molten Giant,2
12,Ironbeak Owl,2
12,Antique Healbot,2
12,Big Game Hunter,1
12,Shadowflame,2
12,Defender of Argus,2
12,Mountain Giant,2
12,Twilight Drake,2
12,Loatheb,1
12,Sunfury Protector,2
12,Emperor Thaurissan,1
12,Hellfire,1
12,Brann Bronzebeard,1
12,Ancient Watcher,2
12,Darkbomb,2
12,Dr. Boom,1
12,Eerie Statue,2
13,Powermace,2
13,Mechwarper,2
13,Enhance-o Mechano,1
13,Piloted Shredder,2
13,Crackle,1
13,Hex,2
13,Fire Elemental,2
13,Cogmaster,2
13,Bloodlust,1
13,Whirling Zap-o-matic,2
13,Mechanical Yeti,1
13,Clockwork Gnome,1
13,Rockbiter Weapon,2
13,Tinkertown Technician,2
13,Lightning Storm,1
13,Flametongue Totem,1
13,Micro Machine,1
13,Annoy-o-Tron,2
14,Bloodmage Thalnos,1
14,Ice Barrier,2
14,Frostbolt,2
14,Blizzard,2
14,Flamestrike,1
14,Alexstrasza,1
14,Frost Nova,2
14,Explosive Sheep,1
14,Mad Scientist,2
14,Ice Lance,2
14,Acolyte of Pain,2
14,Archmage Antonidas,1
14,Emperor Thaurissan,1
14,Fireball,2
14,Doomsayer,2
14,Antique Healbot,1
14,Arcane Intellect,2
14,Loot Hoarder,1
15,Shadow Madness,1
15,Mind Control,1
15,Lightbomb,2
15,Cabal Shadow Priest,1
15,Deathlord,2
15,Holy Fire,2
15,Shadowform,2
15,Antique Healbot,1
15,Vol&#x27;jin,1
15,Tournament Medic,2
15,Acolyte of Pain,1
15,Shadow Word: Death,2
15,Shadow Word: Pain,2
15,Holy Smite,1
15,Deathwing,1
15,Ysera,1
15,Doomsayer,2
15,Holy Nova,2
15,Sludge Belcher,2
16,Healing Wave,2
16,Cult Master,1
16,Piloted Shredder,2
16,Feral Spirit,1
16,Hex,2
16,Defender of Argus,1
16,Sludge Belcher,2
16,Fire Elemental,2
16,Al&#x27;Akir the Windlord,1
16,Zombie Chow,1
16,Kel&#x27;Thuzad,1
16,Reincarnate,2
16,Rockbiter Weapon,2
16,Dr. Boom,1
16,Lightning Storm,2
16,Flametongue Totem,1
16,Nerubian Egg,2
16,Haunted Creeper,2
16,Baron Rivendare,1
17,Fan of Knives,2
17,Bloodmage Thalnos,1
17,Backstab,2
17,Tinker&#x27;s Sharpsword Oil,2
17,Piloted Shredder,1
17,Earthen Ring Farseer,1
17,Violet Teacher,2
17,Loatheb,1
17,Preparation,2
17,SI:7 Agent,2
17,Southsea Deckhand,1
17,Eviscerate,2
17,Azure Drake,2
17,Sprint,2
17,Sap,2
17,Antique Healbot,1
17,Blade Flurry,2
18,Wild Pyromancer,1
18,Sylvanas Windrunner,1
18,Truesilver Champion,2
18,Equality,2
18,Seal of Light,1
18,Piloted Shredder,1
18,Stampeding Kodo,1
18,Refreshment Vendor,2
18,Quartermaster,1
18,Zombie Chow,1
18,Defender of Argus,1
18,Guardian of Kings,2
18,Consecration,2
18,Sludge Belcher,2
18,Lay on Hands,1
18,Tirion Fordring,1
18,Big Game Hunter,1
18,Dr. Boom,1
18,Muster for Battle,2
18,Aldor Peacekeeper,2
19,Blackwing Corruptor,1
19,Coghammer,1
19,Truesilver Champion,1
19,Equality,1
19,Redemption,1
19,Chillmaw,1
19,Noble Sacrifice,2
19,Competitive Spirit,1
19,Lay on Hands,1
19,Twilight Guardian,2
19,Big Game Hunter,1
19,Faerie Dragon,2
19,Consecration,2
19,Dragon Consort,2
19,Mysterious Challenger,2
19,Avenge,2
19,Tirion Fordring,1
19,Azure Drake,2
19,Ysera,1
19,Shielded Minibot,2
20,Power Word: Shield,2
20,Blackwing Corruptor,2
20,Cabal Shadow Priest,2
20,Holy Nova,2
20,Drakonid Crusher,1
20,Twilight Guardian,2
20,Entomb,1
20,Twilight Drake,2
20,Nefarian,1
20,Light of the Naaru,1
20,Wyrmrest Agent,2
20,Shadow Word: Death,1
20,Velen&#x27;s Chosen,2
20,Azure Drake,2
20,Blackwing Technician,2
20,Shrinkmeister,2
20,Emperor Thaurissan,1
20,Brann Bronzebeard,1
21,Unleash the Hounds,2
21,Wolfrider,2
21,Ironbeak Owl,2
21,Abusive Sergeant,2
21,Animal Companion,2
21,Argent Squire,2
21,Explosive Trap,2
21,Eaglehorn Bow,1
21,Snake Trap,1
21,Knife Juggler,2
21,Quick Shot,2
21,Glaivezooka,1
21,Argent Horserider,2
21,Leper Gnome,2
21,Haunted Creeper,2
21,Mad Scientist,2
22,Fan of Knives,2
22,Refreshment Vendor,1
22,Trade Prince Gallywix,1
22,Backstab,2
22,Piloted Shredder,2
22,Earthen Ring Farseer,1
22,Betrayal,1
22,Harrison Jones,1
22,Anub&#x27;arak,1
22,Antique Healbot,2
22,Burgle,2
22,Zombie Chow,2
22,SI:7 Agent,2
22,Sludge Belcher,2
22,Azure Drake,2
22,Eviscerate,2
22,Assassinate,1
22,Emperor Thaurissan,1
22,Dr. Boom,1
23,Unleash the Hounds,2
23,Leper Gnome,2
23,Ironbeak Owl,2
23,Animal Companion,2
23,Abusive Sergeant,2
23,Explosive Trap,2
23,Eaglehorn Bow,2
23,Glaivezooka,1
23,Knife Juggler,2
23,Quick Shot,1
23,Kill Command,2
23,Mad Scientist,2
23,Webspinner,2
23,Brave Archer,2
23,Haunted Creeper,2
23,Argent Horserider,1
24,Clockwork Knight,1
24,Fiery War Axe,2
24,Spider Tank,2
24,Rampage,2
24,Kor&#x27;kron Elite,1
24,Piloted Shredder,2
24,Death&#x27;s Bite,2
24,Arcanite Reaper,1
24,Mortal Strike,2
24,Screwjank Clunker,2
24,Cogmaster,2
24,Warbot,2
24,Bash,1
24,Mechwarper,2
24,Tinkertown Technician,1
24,Clockwork Gnome,1
24,Annoy-o-Tron,2
25,Tuskarr Totemic,2
25,The Mistcaller,1
25,Abusive Sergeant,2
25,Rumbling Elemental,2
25,Fire Elemental,2
25,Loatheb,1
25,Defender of Argus,2
25,Al&#x27;Akir the Windlord,1
25,Tunnel Trogg,2
25,Draenei Totemcarver,2
25,Rockbiter Weapon,2
25,Totem Golem,2
25,Azure Drake,2
25,Lightning Storm,1
25,Crowd Favorite,2
25,Brann Bronzebeard,1
25,Dr. Boom,1
27,Tuskarr Totemic,1
27,Jeeves,1
27,Abusive Sergeant,2
27,Piloted Shredder,1
27,Echoing Ooze,1
27,Sea Giant,1
27,Hex,2
27,Defender of Argus,2
27,Windfury,2
27,Bloodlust,2
27,Fel Reaver,2
27,Rockbiter Weapon,2
27,Lightning Storm,1
27,Flametongue Totem,2
27,Dragon Egg,2
27,Nerubian Egg,2
27,Haunted Creeper,2
28,Shield Block,1
28,Death&#x27;s Bite,2
28,Execute,2
28,Fiery War Axe,2
28,Justicar Trueheart,1
28,Alexstrasza,1
28,Bash,2
28,Baron Geddon,1
28,Armorsmith,2
28,Big Game Hunter,1
28,Harrison Jones,1
28,Shield Slam,2
28,Acolyte of Pain,2
28,Brawl,2
28,Dr. Boom,1
28,Shieldmaiden,1
28,Emperor Thaurissan,1
28,Grommash Hellscream,1
28,Ragnaros the Firelord,1
28,Sludge Belcher,2
29,Darkbomb,2
29,Mal&#x27;Ganis,1
29,Lord Jaraxxus,1
29,Refreshment Vendor,2
29,Unstable Ghoul,2
29,Earthen Ring Farseer,2
29,Sacrificial Pact,2
29,Big Game Hunter,1
29,Antique Healbot,2
29,Zombie Chow,2
29,Sludge Belcher,2
29,Dreadsteed,2
29,Twisting Nether,2
29,Hellfire,1
29,Baron Rivendare,1
29,Doomsayer,1
29,Nerubian Egg,1
29,Siphon Soul,1
30,Piloted Shredder,2
30,Flamewaker,2
30,Counterspell,1
30,Frostbolt,2
30,Unstable Portal,2
30,Flamestrike,1
30,Effigy,2
30,Rhonin,1
30,Kezan Mystic,1
30,Kirin Tor Mage,1
30,Mana Wyrm,2
30,Nexus-Champion Saraad,1
30,Mad Scientist,2
30,Archmage Antonidas,1
30,Azure Drake,1
30,Fireball,2
30,Emperor Thaurissan,1
30,Dr. Boom,1
30,Arcane Intellect,1
30,Sludge Belcher,1
31,Sir Finley Mrrgglton,1
31,Lava Shock,2
31,Azure Drake,1
31,Piloted Shredder,2
31,Crackle,2
31,Flame Juggler,2
31,Rockbiter Weapon,2
31,Hex,1
31,Fire Elemental,2
31,Doomhammer,1
31,Tunnel Trogg,2
31,Ancestral Knowledge,2
31,Feral Spirit,2
31,Totem Golem,2
31,Unbound Elemental,2
31,Lightning Storm,1
31,Dr. Boom,1
32,Brann Bronzebeard,1
32,Swipe,2
32,Gnomish Inventor,1
32,Abusive Sergeant,1
32,Dark Wispers,1
32,Druid of the Claw,1
32,Innervate,2
32,Living Roots,1
32,Mark of the Wild,2
32,Loatheb,1
32,Dark Iron Dwarf,2
32,Force of Nature,1
32,Defender of Argus,1
32,Darnassus Aspirant,2
32,Dr. Boom,1
32,Azure Drake,2
32,Savage Roar,2
32,Crowd Favorite,1
32,Dragon Egg,2
32,Echoing Ooze,2
33,Murloc Knight,1
33,Truesilver Champion,2
33,Equality,1
33,Zombie Chow,2
33,Piloted Shredder,2
33,Silver Hand Regent,1
33,Refreshment Vendor,1
33,Quartermaster,1
33,Big Game Hunter,1
33,Loatheb,1
33,Consecration,2
33,Sen&#x27;jin Shieldmasta,2
33,Sludge Belcher,2
33,Coghammer,1
33,Lay on Hands,1
33,Tirion Fordring,1
33,Ironbeak Owl,1
33,Shielded Minibot,2
33,Dr. Boom,1
33,Muster for Battle,2
34,Murloc Knight,1
34,Sylvanas Windrunner,1
34,Truesilver Champion,2
34,Equality,2
34,Zombie Chow,2
34,Quartermaster,2
34,Knife Juggler,2
34,Big Game Hunter,1
34,Loatheb,1
34,Justicar Trueheart,1
34,Guardian of Kings,1
34,Consecration,2
34,Sludge Belcher,2
34,Lay on Hands,1
34,Tirion Fordring,1
34,Ysera,1
34,Shielded Minibot,2
34,Dr. Boom,1
34,Muster for Battle,2
35,Leper Gnome,2
35,Hammer of Wrath,2
35,Avenging Wrath,1
35,Equality,2
35,Secretkeeper,2
35,Abusive Sergeant,2
35,Noble Sacrifice,2
35,Knife Juggler,2
35,Divine Favor,2
35,Consecration,1
35,Truesilver Champion,2
35,Blessing of Might,1
35,Annoy-o-Tron,2
35,Shielded Minibot,2
35,Muster for Battle,2
35,Avenge,2
36,Unleash the Hounds,2
36,Sylvanas Windrunner,1
36,Abusive Sergeant,2
36,Hunter&#x27;s Mark,1
36,Piloted Shredder,2
36,Feign Death,2
36,Glaivezooka,1
36,Knife Juggler,2
36,Quick Shot,1
36,Kill Command,2
36,Sludge Belcher,2
36,Dr. Boom,1
36,Webspinner,2
36,Explorer&#x27;s Hat,2
36,Nerubian Egg,2
36,Haunted Creeper,2
36,Baron Rivendare,1
37,Shield Block,2
37,Execute,2
37,Cruel Taskmaster,2
37,Piloted Shredder,2
37,Arcanite Reaper,2
37,Charge,1
37,Sen&#x27;jin Shieldmasta,2
37,Acolyte of Pain,2
37,Gurubashi Berserker,2
37,Fiery War Axe,2
37,North Sea Kraken,2
37,Captured Jormungar,2
37,Bash,2
37,Boulderfist Ogre,2
37,Whirlwind,2
38,Piloted Shredder,1
38,Arcane Missiles,2
38,Flamewaker,2
38,Mirror Image,2
38,Frostbolt,2
38,Unstable Portal,2
38,Flamestrike,1
38,Water Elemental,2
38,Loatheb,1
38,Effigy,1
38,Mana Wyrm,2
38,Mad Scientist,2
38,Mirror Entity,2
38,Azure Drake,2
38,Fireball,2
38,Arcane Intellect,1
38,Flamecannon,1
39,Anyfin Can Happen,1
39,Truesilver Champion,2
39,Equality,2
39,Redemption,2
39,Bluegill Warrior,2
39,Grimscale Oracle,2
39,Emperor Thaurissan,1
39,Lay on Hands,1
39,Antique Healbot,2
39,Guardian of Kings,1
39,Consecration,2
39,Mad Scientist,2
39,Murloc Warleader,2
39,Tirion Fordring,1
39,Brann Bronzebeard,1
39,Shielded Minibot,2
39,Muster for Battle,1
39,Old Murk-Eye,1
39,Solemn Vigil,1
40,Defender of Argus,1
40,Lay on Hands,1
40,Shielded Minibot,2
40,Dr. Boom,1
40,Truesilver Champion,2
40,Harrison Jones,1
40,Zombie Chow,1
40,Sen&#x27;jin Shieldmasta,1
40,Tirion Fordring,1
40,Antique Healbot,1
40,Murloc Knight,1
40,Equality,2
40,Quartermaster,1
40,Knife Juggler,2
40,Loatheb,1
40,Ironbeak Owl,1
40,Piloted Shredder,1
40,Big Game Hunter,1
40,Sludge Belcher,1
40,Coghammer,1
40,Muster for Battle,2
40,Consecration,2
41,Dark Cultist,2
41,Power Word: Shield,2
41,Shrinkmeister,1
41,Twilight Whelp,2
41,Lightbomb,1
41,Blackwing Corruptor,2
41,Twilight Guardian,2
41,Dr. Boom,1
41,Zombie Chow,2
41,Northshire Cleric,2
41,Wyrmrest Agent,2
41,Shadow Word: Death,2
41,Velen&#x27;s Chosen,2
41,Azure Drake,2
41,Ysera,1
41,Holy Nova,2
42,Shield Block,2
42,Execute,2
42,Fiery War Axe,2
42,Justicar Trueheart,1
42,Arch-Thief Rafaam,1
42,Brawl,2
42,Armorsmith,2
42,Death&#x27;s Bite,2
42,Shieldmaiden,2
42,Shield Slam,2
42,Slam,2
42,Sludge Belcher,2
42,Grommash Hellscream,1
42,Ysera,1
42,Fierce Monkey,2
42,Dr. Boom,1
42,Bash,2
43,Tuskarr Totemic,2
43,Mana Tide Totem,1
43,Fire Elemental,2
43,Piloted Shredder,2
43,Rockbiter Weapon,2
43,Hex,2
43,Bloodlust,1
43,Defender of Argus,2
43,Al&#x27;Akir the Windlord,1
43,Totem Golem,2
43,Zombie Chow,1
43,Thunder Bluff Valiant,1
43,Feral Spirit,1
43,Dr. Boom,1
43,Azure Drake,1
43,Lightning Storm,1
43,Flametongue Totem,2
43,Nerubian Egg,2
43,Haunted Creeper,2
44,Dark Cultist,2
44,Velen&#x27;s Chosen,2
44,Power Word: Shield,2
44,Blackwing Corruptor,2
44,Twilight Whelp,2
44,Lightbomb,1
44,Cabal Shadow Priest,1
44,Chillmaw,1
44,Twilight Guardian,2
44,Dr. Boom,1
44,Northshire Cleric,2
44,Wyrmrest Agent,2
44,Vol&#x27;jin,1
44,Shadow Word: Death,1
44,Shadow Word: Pain,1
44,Holy Smite,1
44,Azure Drake,2
44,Ysera,1
44,Holy Nova,2
45,Acidic Swamp Ooze,1
45,Execute,2
45,Gorehowl,1
45,Justicar Trueheart,1
45,Brawl,2
45,Deathlord,1
45,Abomination,1
45,Big Game Hunter,1
45,Shieldmaiden,2
45,Crush,1
45,Slam,2
45,Nexus-Champion Saraad,1
45,Unstable Ghoul,2
45,Death&#x27;s Bite,2
45,Coldlight Oracle,2
45,Revenge,2
45,Antique Healbot,2
45,Bash,2
46,Fan of Knives,2
46,Deadly Poison,2
46,Backstab,2
46,Tinker&#x27;s Sharpsword Oil,2
46,Piloted Shredder,2
46,Violet Teacher,2
46,Loatheb,1
46,Preparation,2
46,SI:7 Agent,2
46,Southsea Deckhand,1
46,Eviscerate,2
46,Azure Drake,2
46,Sprint,2
46,Sap,2
46,Antique Healbot,1
46,Blade Flurry,2
47,Shield Block,1
47,Execute,2
47,Gnomish Inventor,2
47,Battle Rage,2
47,Grommash Hellscream,1
47,Dread Corsair,2
47,Grim Patron,2
47,Armorsmith,2
47,Slam,2
47,Acolyte of Pain,2
47,Unstable Ghoul,2
47,Death&#x27;s Bite,2
47,Inner Rage,2
47,Fiery War Axe,2
47,Whirlwind,2
48,Sir Finley Mrrgglton,1
48,Everyfin is Awesome,1
48,Puddlestomper,2
48,Bluegill Warrior,1
48,Grimscale Oracle,2
48,Siltfin Spiritwalker,2
48,Earth Shock,1
48,Murloc Tidecaller,2
48,Mana Tide Totem,1
48,Hex,2
48,Bloodlust,1
48,Loatheb,1
48,Coldlight Seer,2
48,Ancestral Knowledge,1
48,Neptulon,1
48,Murloc Warleader,2
48,Murloc Tidehunter,1
48,Lightning Storm,2
48,Flametongue Totem,2
48,Old Murk-Eye,1
49,Snowchugger,2
49,Spider Tank,1
49,Frostbolt,2
49,Clockwork Gnome,1
49,Piloted Shredder,2
49,Archmage Antonidas,1
49,Harvest Golem,1
49,Goblin Blastmage,2
49,Tinkertown Technician,1
49,Mechanical Yeti,1
49,Loatheb,1
49,Mechwarper,2
49,Mirror Entity,2
49,Cogmaster,2
49,Azure Drake,1
49,Fireball,2
49,Dr. Boom,1
49,Annoy-o-Tron,2
49,Mad Scientist,2
50,Shattered Sun Cleric,2
50,Truesilver Champion,2
50,Avenge,2
50,Razorfen Hunter,2
50,Hand of Protection,1
50,Echoing Ooze,2
50,Zombie Chow,2
50,Loatheb,1
50,Consecration,2
50,Kel&#x27;Thuzad,1
50,Mad Scientist,2
50,Blessing of Might,2
50,Haunted Creeper,2
50,Nerubian Egg,2
50,Boulderfist Ogre,1
50,Sludge Belcher,2
51,Charged Hammer,1
51,Lava Shock,2
51,Earth Shock,2
51,Chromaggus,1
51,Mana Tide Totem,1
51,Hex,2
51,Fire Elemental,2
51,Healing Wave,2
51,Elemental Destruction,2
51,Zombie Chow,2
51,Sen&#x27;jin Shieldmasta,2
51,Sludge Belcher,2
51,Feral Spirit,1
51,Emperor Thaurissan,1
51,Lightning Storm,2
51,Ysera,1
51,Earth Elemental,2
51,Dr. Boom,1
52,Faceless Manipulator,1
52,Naturalize,2
52,Grove Tender,2
52,Dancing Swords,2
52,Wrath,2
52,Tree of Life,1
52,Sideshow Spelleater,1
52,Keeper of the Grove,1
52,Swipe,2
52,Justicar Trueheart,1
52,Antique Healbot,2
52,Poison Seeds,2
52,Coldlight Oracle,2
52,Healing Touch,2
52,Starfall,2
52,Deathlord,2
52,Youthful Brewmaster,2
53,Nourish,1
53,Power of the Wild,2
53,Wrath,2
53,Swipe,2
53,Silver Hand Regent,1
53,Keeper of the Grove,2
53,Innervate,2
53,Living Roots,2
53,Big Game Hunter,1
53,Violet Teacher,2
53,Piloted Shredder,2
53,Force of Nature,1
53,Darnassus Aspirant,2
53,Savage Roar,2
53,Druid of the Claw,2
53,Haunted Creeper,2
54,Wolfrider,2
54,Arcane Golem,2
54,Ironbeak Owl,2
54,Worgen Infiltrator,2
54,Abusive Sergeant,2
54,Kor&#x27;kron Elite,2
54,Mortal Strike,1
54,Leper Gnome,2
54,Arcanite Reaper,2
54,Dread Corsair,2
54,Southsea Deckhand,1
54,Death&#x27;s Bite,2
54,Fiery War Axe,2
54,Bash,2
54,Loot Hoarder,2
55,Lorewalker Cho,1
55,Sap,2
55,Dancing Swords,2
55,Backstab,2
55,Vanish,2
55,Shadowstep,2
55,Deathlord,2
55,Refreshment Vendor,1
55,Antique Healbot,2
55,Ancient Brewmaster,2
55,Gang Up,2
55,Goblin Sapper,2
55,Elise Starseeker,1
55,Assassinate,1
55,King Mukla,1
55,Brann Bronzebeard,1
55,Youthful Brewmaster,2
56,Dark Cultist,1
56,Velen&#x27;s Chosen,2
56,Power Word: Shield,2
56,Mind Control,1
56,Twilight Whelp,2
56,Lightbomb,1
56,Blackwing Corruptor,2
56,Twilight Guardian,2
56,Dr. Boom,1
56,Eydis Darkbane,1
56,Northshire Cleric,2
56,Wyrmrest Agent,2
56,Vol&#x27;jin,1
56,Shadow Word: Death,2
56,Shadow Word: Pain,1
56,Azure Drake,2
56,Dragonkin Sorcerer,1
56,Ysera,1
56,Holy Nova,2
57,Bloodmage Thalnos,1
57,Ice Barrier,2
57,Blizzard,1
57,Frostbolt,2
57,Flamestrike,1
57,Alexstrasza,1
57,Frost Nova,2
57,Loot Hoarder,2
57,Mad Scientist,2
57,Ice Lance,2
57,Acolyte of Pain,2
57,Archmage Antonidas,1
57,Emperor Thaurissan,1
57,Fireball,2
57,Doomsayer,2
57,Antique Healbot,1
57,Arcane Intellect,2
57,Ice Block,2
58,Unleash the Hounds,1
58,Bloodmage Thalnos,1
58,Tracking,2
58,Gnomish Inventor,2
58,Animal Companion,2
58,Deadly Shot,2
58,Acolyte of Pain,2
58,Novice Engineer,2
58,Elise Starseeker,1
58,Multi-Shot,1
58,Call Pet,2
58,Sunfury Protector,2
58,Azure Drake,2
58,King&#x27;s Elekk,2
58,Explosive Shot,1
58,Annoy-o-Tron,1
58,Loot Hoarder,2
59,Tuskarr Totemic,2
59,Fireguard Destroyer,2
59,Rumbling Elemental,2
59,Earth Shock,1
59,Flame Juggler,2
59,Hex,1
59,Defender of Argus,2
59,Loatheb,1
59,Fire Elemental,2
59,Zombie Chow,2
59,Bomb Lobber,1
59,Rockbiter Weapon,2
59,Totem Golem,2
59,Azure Drake,2
59,Lightning Storm,1
59,Flametongue Totem,1
59,Brann Bronzebeard,1
59,Dr. Boom,1
59,The Mistcaller,1
60,Polymorph,1
60,Acolyte of Pain,1
60,Deathlord,1
60,Duplicate,1
60,Explosive Sheep,1
60,Mad Scientist,1
60,Elise Starseeker,1
60,Flamestrike,1
60,Flamecannon,1
60,Zombie Chow,1
60,Loot Hoarder,1
60,Ice Barrier,1
60,Antique Healbot,1
60,Arcane Intellect,1
60,Animated Armor,1
60,Frostbolt,1
60,Unstable Ghoul,1
60,Frost Nova,1
60,Refreshment Vendor,1
60,Blizzard,1
60,Mirror Image,1
60,Mind Control Tech,1
60,Big Game Hunter,1
60,Unstable Portal,1
60,Sludge Belcher,1
60,Forgotten Torch,1
60,Reno Jackson,1
60,Doomsayer,1
60,Annoy-o-Tron,1
61,Lord Jaraxxus,1
61,Molten Giant,2
61,Ironbeak Owl,2
61,Emperor Thaurissan,1
61,Power Overwhelming,1
61,Big Game Hunter,1
61,Shadowflame,2
61,Defender of Argus,1
61,Mountain Giant,2
61,Twilight Drake,2
61,Loatheb,1
61,Sunfury Protector,2
61,Hellfire,1
61,Mortal Coil,2
61,Ancient Watcher,2
61,Darkbomb,2
61,Antique Healbot,2
61,Sludge Belcher,2
62,Tuskarr Totemic,2
62,The Mistcaller,1
62,Rumbling Elemental,1
62,Piloted Shredder,2
62,Hex,1
62,Fire Elemental,2
62,Loatheb,1
62,Healing Wave,1
62,Tunnel Trogg,2
62,Neptulon,1
62,Thunder Bluff Valiant,2
62,Rockbiter Weapon,2
62,Totem Golem,2
62,Azure Drake,2
62,Lightning Storm,2
62,Flametongue Totem,2
62,Brann Bronzebeard,1
62,Dr. Boom,1
63,Shield Block,2
63,Execute,1
63,Gorehowl,1
63,Cruel Taskmaster,2
63,Justicar Trueheart,1
63,Kezan Mystic,1
63,Brawl,2
63,Deathlord,2
63,Armorsmith,2
63,Big Game Hunter,1
63,Shieldmaiden,2
63,Crush,1
63,Nefarian,1
63,Death&#x27;s Bite,2
63,Fiery War Axe,2
63,Ysera,1
63,Antique Healbot,2
63,Bash,2
64,Sylvanas Windrunner,1
64,Ironbeak Owl,1
64,Powershot,1
64,Eydis Darkbane,1
64,Freezing Trap,2
64,Feign Death,2
64,Summoning Stone,2
64,Quick Shot,2
64,Big Game Hunter,1
64,Loatheb,1
64,Webspinner,2
64,Piloted Shredder,2
64,Lock and Load,1
64,Mad Scientist,1
64,Elise Starseeker,1
64,Explorer&#x27;s Hat,2
64,Dr. Boom,1
64,Haunted Creeper,2
64,Sludge Belcher,2
65,Healing Wave,1
65,Elise Starseeker,1
65,Piloted Shredder,2
65,Feral Spirit,2
65,Hex,2
65,Harrison Jones,1
65,Fire Elemental,2
65,Al&#x27;Akir the Windlord,1
65,Tunnel Trogg,1
65,Zombie Chow,2
65,Sludge Belcher,2
65,Rockbiter Weapon,2
65,Azure Drake,2
65,Lightning Storm,2
65,Flametongue Totem,2
65,Dr. Boom,1
65,Haunted Creeper,2
66,Shield Block,2
66,Death&#x27;s Bite,2
66,Execute,2
66,Cruel Taskmaster,2
66,Justicar Trueheart,1
66,Alexstrasza,1
66,Shieldmaiden,1
66,Baron Geddon,1
66,Armorsmith,2
66,Big Game Hunter,1
66,Dr. Boom,1
66,Shield Slam,2
66,Acolyte of Pain,2
66,Brawl,2
66,Fiery War Axe,2
66,Ysera,1
66,Emperor Thaurissan,1
66,Grommash Hellscream,1
66,Sludge Belcher,2
67,Lorewalker Cho,1
67,Troggzor the Earthinator,1
67,Arcane Nullifier X-21,2
67,Backstab,2
67,Stonesplinter Trogg,2
67,Faerie Dragon,2
67,Sabotage,1
67,Millhouse Manastorm,1
67,Loatheb,1
67,Trade Prince Gallywix,1
67,Conceal,1
67,Gang Up,1
67,SI:7 Agent,2
67,Eviscerate,2
67,Sap,2
67,Spectral Knight,2
67,Blade Flurry,2
67,Burly Rockjaw Trogg,2
68,Acidic Swamp Ooze,2
68,Shattered Sun Cleric,2
68,Gadgetzan Jouster,2
68,Voodoo Doctor,2
68,Shadow Bolt,2
68,Voidwalker,2
68,Dread Infernal,2
68,Loatheb,1
68,Kel&#x27;Thuzad,1
68,Sludge Belcher,2
68,Drain Life,2
68,Hellfire,1
68,Mortal Coil,2
68,Imp Gang Boss,2
68,Emperor Thaurissan,1
68,Haunted Creeper,2
69,Sylvanas Windrunner,1
69,Deadly Poison,2
69,Backstab,2
69,Piloted Shredder,2
69,Preparation,2
69,Gang Up,2
69,SI:7 Agent,2
69,Sludge Belcher,2
69,REUSE THIS CARD AT SOME POINT,2
69,Eviscerate,2
69,Sprint,2
69,Sap,2
69,Kel&#x27;Thuzad,1
69,Nerubian Egg,2
69,Blade Flurry,1
69,Baron Rivendare,1
70,Savage Combatant,1
70,Leper Gnome,2
70,Mounted Raptor,2
70,Swipe,2
70,Piloted Shredder,2
70,Living Roots,2
70,Keeper of the Grove,2
70,Innervate,2
70,Knife Juggler,2
70,Savage Roar,2
70,Force of Nature,2
70,Druid of the Saber,2
70,Darnassus Aspirant,2
70,Druid of the Claw,2
70,Haunted Creeper,2
71,Savage Combatant,2
71,Swipe,2
71,Mounted Raptor,2
71,Keeper of the Grove,2
71,Innervate,2
71,Living Roots,2
71,Savage Roar,2
71,Force of Nature,2
71,Druid of the Saber,2
71,Druid of the Fang,2
71,Darnassus Aspirant,2
71,Wildwalker,1
71,Knight of the Wild,2
71,Druid of the Claw,2
71,Haunted Creeper,1
72,Faceless Manipulator,1
72,Execute,2
72,Cruel Taskmaster,2
72,Battle Rage,1
72,Piloted Shredder,2
72,Death&#x27;s Bite,2
72,Sludge Belcher,1
72,Armorsmith,2
72,Big Game Hunter,1
72,Loatheb,1
72,Grim Patron,2
72,Slam,2
72,Kel&#x27;Thuzad,1
72,Acolyte of Pain,2
72,Unstable Ghoul,1
72,Inner Rage,1
72,Fiery War Axe,2
72,Dr. Boom,1
72,Whirlwind,2
73,Fan of Knives,1
73,Arcane Golem,2
73,Tinker&#x27;s Sharpsword Oil,2
73,Argent Squire,1
73,Piloted Shredder,2
73,Leper Gnome,1
73,Assassin&#x27;s Blade,1
73,Cold Blood,1
73,Undercity Valiant,1
73,SI:7 Agent,2
73,Southsea Deckhand,2
73,Buccaneer,2
73,Coldlight Oracle,2
73,Eviscerate,2
73,Sap,2
73,Dr. Boom,1
73,Blade Flurry,2
73,Loot Hoarder,1
74,Argent Squire,2
74,Truesilver Champion,2
74,Equality,1
74,Coghammer,1
74,Leper Gnome,2
74,Lance Carrier,1
74,Knife Juggler,2
74,Loatheb,1
74,Divine Favor,2
74,Consecration,1
74,Ironbeak Owl,1
74,Haunted Creeper,2
74,Blessing of Might,1
74,Seal of Champions,2
74,Shielded Minibot,2
74,Argent Protector,2
74,Muster for Battle,2
74,Argent Horserider,1
75,Fel Reaver,2
75,Swipe,2
75,Power of the Wild,1
75,Abusive Sergeant,1
75,Piloted Shredder,2
75,Keeper of the Grove,2
75,Innervate,2
75,Living Roots,2
75,Savage Roar,2
75,Loatheb,1
75,Dr. Boom,1
75,Force of Nature,2
75,Druid of the Saber,2
75,Shade of Naxxramas,2
75,Darnassus Aspirant,2
75,Druid of the Claw,2
75,Stranglethorn Tiger,1
76,Dark Cultist,2
76,Velen&#x27;s Chosen,2
76,Power Word: Shield,2
76,Shrinkmeister,2
76,Twilight Whelp,2
76,Lightbomb,1
76,Blackwing Corruptor,1
76,Twilight Guardian,2
76,Northshire Cleric,2
76,Wyrmrest Agent,2
76,Vol&#x27;jin,1
76,Shadow Word: Death,2
76,Shadow Word: Pain,1
76,Azure Drake,2
76,Dragonkin Sorcerer,1
76,Ysera,1
76,Holy Nova,2
77,Faceless Manipulator,1
77,Resurrect,2
77,Sylvanas Windrunner,1
77,Justicar Trueheart,1
77,Lightbomb,1
77,Circle of Healing,2
77,Deathlord,2
77,Power Word: Shield,2
77,Auchenai Soulpriest,2
77,Injured Blademaster,2
77,Piloted Shredder,2
77,Zombie Chow,1
77,Northshire Cleric,2
77,Sludge Belcher,2
77,Shadow Word: Death,1
77,Thoughtsteal,2
77,Dr. Boom,1
77,Ragnaros the Firelord,1
78,Tuskarr Totemic,1
78,Mana Tide Totem,1
78,Fire Elemental,2
78,Piloted Shredder,2
78,Crackle,1
78,Feral Spirit,2
78,Hex,2
78,Bloodlust,2
78,Loatheb,1
78,Defender of Argus,1
78,Zombie Chow,1
78,Rockbiter Weapon,2
78,Dr. Boom,1
78,Azure Drake,2
78,Lightning Storm,2
78,Flametongue Totem,2
78,Nerubian Egg,2
78,Haunted Creeper,2
79,Argent Squire,2
79,Arcane Golem,1
79,Tiny Knight of Evil,2
79,Abusive Sergeant,2
79,Leper Gnome,2
79,Power Overwhelming,2
79,Voidwalker,2
79,Doomguard,2
79,Knife Juggler,2
79,Wrathguard,2
79,Dire Wolf Alpha,1
79,Fist of Jaraxxus,2
79,Soulfire,2
79,Succubus,2
79,Nerubian Egg,2
80,Unleash the Hounds,2
80,Wolfrider,2
80,Animal Companion,2
80,Abusive Sergeant,2
80,Leper Gnome,2
80,Explosive Trap,2
80,Eaglehorn Bow,2
80,Glaivezooka,1
80,Knife Juggler,2
80,Quick Shot,2
80,Kill Command,2
80,Mad Scientist,2
80,Clockwork Gnome,2
81,Counterspell,1
81,Arcane Missiles,2
81,Flamewaker,2
81,Spellslinger,1
81,Mirror Image,1
81,Frostbolt,2
81,Unstable Portal,2
81,Flamestrike,1
81,Flamecannon,1
81,Mirror Entity,1
81,Arcane Blast,1
81,Mana Wyrm,2
81,Piloted Shredder,2
81,Mad Scientist,2
81,Archmage Antonidas,1
81,Clockwork Gnome,1
81,Fireball,2
81,Dr. Boom,1
81,Arcane Intellect,2
82,Murloc Knight,1
82,Sylvanas Windrunner,1
82,Truesilver Champion,2
82,Equality,2
82,Piloted Shredder,2
82,Emperor Thaurissan,1
82,Quartermaster,1
82,Knife Juggler,1
82,Defender of Argus,1
82,Loatheb,1
82,Antique Healbot,1
82,Consecration,2
82,Ironbeak Owl,1
82,Kel&#x27;Thuzad,1
82,Sludge Belcher,2
82,Coghammer,1
82,Lay on Hands,1
82,Tirion Fordring,1
82,Shielded Minibot,2
82,Dr. Boom,1
82,Muster for Battle,2
83,Unleash the Hounds,1
83,King of Beasts,1
83,Houndmaster,2
83,Jeweled Scarab,2
83,Animal Companion,2
83,Hunter&#x27;s Mark,1
83,Piloted Shredder,2
83,Dreadscale,1
83,Eaglehorn Bow,2
83,Snake Trap,2
83,Ram Wrangler,1
83,Kill Command,1
83,Stablemaster,1
83,Ball of Spiders,1
83,Tomb Spider,2
83,Mad Scientist,2
83,King&#x27;s Elekk,1
83,Webspinner,2
83,Stampeding Kodo,1
84,Tuskarr Totemic,2
84,Stormforged Axe,2
84,Rumbling Elemental,2
84,Feral Spirit,2
84,Hex,1
84,Fire Elemental,2
84,Crowd Favorite,2
84,Tunnel Trogg,2
84,Ancestral Knowledge,1
84,Fireguard Destroyer,2
84,Draenei Totemcarver,1
84,Azure Drake,2
84,Totem Golem,2
84,Unbound Elemental,2
84,Lightning Storm,1
84,Brann Bronzebeard,1
84,Dr. Boom,1
85,Felguard,2
85,Arcane Golem,2
85,King Mukla,1
85,Leeroy Jenkins,1
85,Madder Bomber,2
85,Doomguard,2
85,Millhouse Manastorm,1
85,Flame Imp,2
85,Injured Blademaster,2
85,Wisp,2
85,Pit Lord,2
85,Mad Bomber,2
85,Injured Kvaldir,2
85,Brann Bronzebeard,1
85,Succubus,2
85,Argent Watchman,2
86,Preparation,2
86,Bloodmage Thalnos,1
86,Deadly Poison,2
86,Backstab,2
86,Conceal,1
86,Earthen Ring Farseer,2
86,Gadgetzan Auctioneer,2
86,Cold Blood,2
86,Shadowstep,2
86,SI:7 Agent,2
86,Burgle,2
86,Eviscerate,2
86,Leeroy Jenkins,1
86,Azure Drake,2
86,Sap,1
86,Shiv,2
86,Blade Flurry,1
87,Faceless Manipulator,1
87,Lord Jaraxxus,1
87,Arcane Golem,1
87,Ironbeak Owl,1
87,Imp-losion,2
87,Abusive Sergeant,1
87,Mal&#x27;Ganis,1
87,Voidcaller,2
87,Power Overwhelming,2
87,Big Game Hunter,2
87,Shadowflame,1
87,Defender of Argus,1
87,Twilight Drake,2
87,Sludge Belcher,2
87,Emperor Thaurissan,1
87,Hellfire,2
87,Imp Gang Boss,2
87,Darkbomb,1
87,Antique Healbot,2
88,Polymorph,2
88,Emperor Thaurissan,1
88,Justicar Trueheart,1
88,Flamestrike,2
88,Alexstrasza,1
88,Frost Nova,2
88,Sludge Belcher,2
88,Majordomo Executus,1
88,Coldarra Drake,2
88,Duplicate,1
88,Explosive Sheep,2
88,Acolyte of Pain,1
88,Maiden of the Lake,1
88,Ice Barrier,1
88,Doomsayer,2
88,Antique Healbot,2
88,Arcane Intellect,2
88,Mad Scientist,2
89,Dark Cultist,2
89,Power Word: Shield,2
89,Confessor Paletress,1
89,Undertaker,2
89,Cabal Shadow Priest,2
89,Piloted Shredder,2
89,Dr. Boom,1
89,Museum Curator,2
89,Northshire Cleric,2
89,Sludge Belcher,2
89,Shadow Word: Death,2
89,Shadow Word: Pain,2
89,Entomb,2
89,Holy Nova,2
89,Haunted Creeper,2
89,Baron Rivendare,1
90,Polymorph,1
90,Arcane Missiles,2
90,Counterspell,2
90,Frostbolt,2
90,Flamestrike,1
90,Flamecannon,1
90,Piloted Shredder,2
90,Loatheb,1
90,Kirin Tor Mage,1
90,Mana Wyrm,2
90,Mad Scientist,2
90,Mirror Entity,2
90,Azure Drake,2
90,Fireball,2
90,Emperor Thaurissan,1
90,Arcane Intellect,2
90,Sludge Belcher,2
91,Bloodmage Thalnos,1
91,Deadly Poison,2
91,Backstab,2
91,Tinker&#x27;s Sharpsword Oil,2
91,Tomb Pillager,2
91,Kel&#x27;Thuzad,1
91,Preparation,2
91,Piloted Shredder,2
91,SI:7 Agent,2
91,Sludge Belcher,2
91,Eviscerate,2
91,Sprint,2
91,Haunted Creeper,2
91,Dr. Boom,1
91,Blade Flurry,2
91,Unearthed Raptor,2
92,Murloc Knight,1
92,Truesilver Champion,2
92,Equality,1
92,Justicar Trueheart,1
92,Zombie Chow,2
92,Piloted Shredder,2
92,Quartermaster,2
92,Knife Juggler,2
92,Big Game Hunter,1
92,Antique Healbot,1
92,Consecration,2
92,Ironbeak Owl,1
92,Sludge Belcher,2
92,Coghammer,1
92,Lay on Hands,1
92,Tirion Fordring,1
92,Shielded Minibot,2
92,Dr. Boom,1
92,Muster for Battle,2
93,Molten Giant,1
93,Shadowflame,1
93,Imp-losion,1
93,Naga Sea Witch,1
93,Hellfire,1
93,Emperor Thaurissan,1
93,Dr. Boom,1
93,Justicar Trueheart,1
93,Mountain Giant,1
93,Zombie Chow,1
93,Antique Healbot,1
93,Siphon Soul,1
93,Sir Finley Mrrgglton,1
93,Refreshment Vendor,1
93,Loatheb,1
93,Twilight Drake,1
93,Mortal Coil,1
93,Brann Bronzebeard,1
93,Dalaran Mage,1
93,Darkbomb,1
93,Lil&#x27; Exorcist,1
93,Faceless Manipulator,1
93,Ironbeak Owl,1
93,Garrison Commander,1
93,Defender of Argus,1
93,Summoning Portal,1
93,Sunfury Protector,1
93,Reno Jackson,1
93,Ragnaros the Firelord,1
94,Dark Cultist,2
94,Power Word: Shield,2
94,Twilight Whelp,2
94,Twilight Guardian,2
94,Rend Blackhand,1
94,Nefarian,1
94,Northshire Cleric,2
94,Wyrmrest Agent,2
94,Dragonkin Sorcerer,2
94,Shadow Word: Death,2
94,Shadow Word: Pain,2
94,Holy Smite,2
94,Blackwing Technician,2
94,Blackwing Corruptor,2
94,Holy Nova,2
95,Unleash the Hounds,1
95,Bear Trap,2
95,Ironbeak Owl,1
95,Animal Companion,1
95,Hunter&#x27;s Mark,2
95,Freezing Trap,2
95,Flare,1
95,Eaglehorn Bow,2
95,Big Game Hunter,1
95,Kill Command,1
95,Piloted Shredder,2
95,Powershot,2
95,Antique Healbot,1
95,Mad Scientist,2
95,King&#x27;s Elekk,2
95,Dreadscale,1
95,Dr. Boom,1
95,Ragnaros the Firelord,1
95,Sludge Belcher,2
96,Nourish,1
96,Wrath,1
96,Savage Roar,2
96,Swipe,2
96,Keeper of the Grove,2
96,Innervate,2
96,Living Roots,2
96,Big Game Hunter,1
96,Wild Growth,1
96,Piloted Shredder,2
96,Force of Nature,1
96,Druid of the Saber,2
96,Shade of Naxxramas,2
96,Darnassus Aspirant,2
96,Dr. Boom,1
96,Azure Drake,1
96,Ancient of Lore,2
96,Druid of the Claw,2
97,Twilight Guardian,2
97,Execute,2
97,Fiery War Axe,2
97,Piloted Shredder,2
97,Grommash Hellscream,1
97,Drakonid Crusher,2
97,Armorsmith,2
97,Nefarian,1
97,Alexstrasza&#x27;s Champion,2
97,Cruel Taskmaster,2
97,Acolyte of Pain,2
97,Death&#x27;s Bite,2
97,Azure Drake,2
97,Blackwing Technician,2
97,Blackwing Corruptor,2
97,Dr. Boom,1
98,Piloted Shredder,2
98,Arcane Missiles,2
98,Fireball,2
98,Mirror Image,1
98,Frostbolt,2
98,Unstable Portal,2
98,Sorcerer&#x27;s Apprentice,2
98,Flamecannon,1
98,Mirror Entity,1
98,Mana Wyrm,2
98,Duplicate,1
98,Mad Scientist,2
98,Effigy,1
98,Azure Drake,2
98,Flamewaker,2
98,Archmage Antonidas,1
98,Dr. Boom,1
98,Arcane Intellect,1
99,Shield Block,2
99,Death&#x27;s Bite,2
99,Execute,2
99,Cruel Taskmaster,2
99,Justicar Trueheart,1
99,Kodorider,1
99,Garrison Commander,1
99,Brawl,2
99,Big Game Hunter,1
99,Maiden of the Lake,1
99,Shield Slam,2
99,Slam,1
99,Nexus-Champion Saraad,1
99,Acolyte of Pain,1
99,Grommash Hellscream,1
99,Fiery War Axe,2
99,Ysera,1
99,Emperor Thaurissan,1
99,Dr. Boom,1
99,Bash,2
99,Whirlwind,1
100,Trade Prince Gallywix,1
100,Deadly Poison,2
100,Abusive Sergeant,2
100,Sneed&#x27;s Old Shredder,1
100,Refreshment Vendor,1
100,Defender of Argus,2
100,Dr. Boom,1
100,Piloted Shredder,2
100,SI:7 Agent,2
100,Sludge Belcher,2
100,Dark Iron Skulker,2
100,Burgle,1
100,Eviscerate,2
100,Sap,1
100,Sabotage,1
100,Nerubian Egg,2
100,Haunted Creeper,2
100,Unearthed Raptor,2
101,Murloc Knight,1
101,Truesilver Champion,2
101,Equality,1
101,Piloted Shredder,2
101,Quartermaster,1
101,Knife Juggler,2
101,Zombie Chow,2
101,Consecration,2
101,Tirion Fordring,1
101,Shielded Minibot,2
101,Muster for Battle,2
102,Dark Cultist,1
102,Power Word: Shield,2
102,Mechwarper,2
102,Spider Tank,2
102,Upgraded Repair Bot,2
102,Piloted Shredder,2
102,Cogmaster,2
102,Dr. Boom,1
102,Shadowboxer,1
102,Mechanical Yeti,2
102,Clockwork Gnome,1
102,Shadow Word: Pain,1
102,Tinkertown Technician,2
102,Velen&#x27;s Chosen,2
102,Mind Blast,2
102,Holy Nova,1
102,Micro Machine,1
102,Annoy-o-Tron,2
103,Arcane Missiles,2
103,Flamewaker,2
103,Flamecannon,1
103,Frostbolt,2
103,Unstable Portal,1
103,Water Elemental,2
103,Mirror Entity,2
103,Arcane Blast,1
103,Mana Wyrm,2
103,Duplicate,1
103,Nexus-Champion Saraad,1
103,Ragnaros the Firelord,1
103,Archmage Antonidas,1
103,Azure Drake,2
103,Fireball,2
103,Dr. Boom,1
103,Arcane Intellect,2
103,Mad Scientist,2
104,Alexstrasza,1
104,Armorsmith,2
104,Harrison Jones,1
104,Explosive Sheep,2
104,Baron Geddon,1
104,Emperor Thaurissan,1
104,Dr. Boom,1
104,Gorehowl,1
104,Death&#x27;s Bite,2
104,Justicar Trueheart,1
104,Nexus-Champion Saraad,1
104,Grommash Hellscream,1
104,Execute,2
104,Fiery War Axe,1
104,Shield Slam,2
104,Ysera,1
104,Shield Block,1
104,Big Game Hunter,1
104,Shieldmaiden,1
104,Sludge Belcher,2
104,Brawl,1
104,Revenge,2
105,Master of Disguise,2
105,Preparation,2
105,Gang Up,2
105,Clockwork Giant,1
105,Conceal,2
105,Lorewalker Cho,1
105,Trade Prince Gallywix,1
105,Anub&#x27;arak,1
105,Mountain Giant,1
105,Shadowstep,2
105,Mechanical Yeti,2
105,Beneath the Grounds,2
105,Cutpurse,2
105,Burgle,1
105,Sprint,2
105,Vanish,2
105,Shiv,2
106,Unleash the Hounds,2
106,Argent Squire,2
106,Bear Trap,1
106,Ironbeak Owl,2
106,Animal Companion,2
106,Abusive Sergeant,2
106,Leper Gnome,2
106,Explosive Trap,1
106,Eaglehorn Bow,2
106,Snake Trap,1
106,Knife Juggler,2
106,Quick Shot,2
106,Kill Command,2
106,Glaivezooka,1
106,Mad Scientist,2
106,Argent Horserider,2
107,Murloc Knight,2
107,Sylvanas Windrunner,1
107,Truesilver Champion,2
107,Equality,2
107,Piloted Shredder,2
107,Quartermaster,2
107,Knife Juggler,2
107,Zombie Chow,2
107,Loatheb,1
107,Consecration,2
107,Sludge Belcher,2
107,Coghammer,1
107,Tirion Fordring,1
107,Emperor Thaurissan,1
107,Dr. Boom,1
107,Muster for Battle,2
107,Aldor Peacekeeper,2
108,Tuskarr Totemic,2
108,The Mistcaller,1
108,Fire Elemental,2
108,Piloted Shredder,2
108,Knife Juggler,2
108,Defender of Argus,2
108,Harvest Golem,2
108,Bloodlust,1
108,Mukla&#x27;s Champion,2
108,Zombie Chow,2
108,Argent Horserider,2
108,Rockbiter Weapon,2
108,Flametongue Totem,2
108,Nerubian Egg,2
108,Haunted Creeper,2
109,Unleash the Hounds,2
109,Leper Gnome,2
109,Bear Trap,1
109,Ironbeak Owl,2
109,Abusive Sergeant,2
109,Animal Companion,2
109,Explosive Trap,2
109,Eaglehorn Bow,2
109,Knife Juggler,2
109,Quick Shot,1
109,Loatheb,1
109,Kill Command,2
109,Mad Scientist,2
109,Arcane Golem,2
109,Haunted Creeper,1
109,Argent Horserider,2
110,Arcane Golem,2
110,Fiery War Axe,2
110,Bluegill Warrior,2
110,Kor&#x27;kron Elite,2
110,Warbot,2
110,Murloc Tidecaller,2
110,Arcanite Reaper,2
110,Mortal Strike,2
110,Execute,2
110,Argent Commander,2
110,Coldlight Seer,2
110,Bash,1
110,Murloc Warleader,2
110,Murloc Tidehunter,2
110,Old Murk-Eye,1
111,Fan of Knives,2
111,Bloodmage Thalnos,1
111,Vanish,2
111,Backstab,2
111,Shadowstep,2
111,Deathlord,2
111,Preparation,2
111,Elise Starseeker,1
111,Gang Up,2
111,Beneath the Grounds,2
111,Coldlight Oracle,2
111,Eviscerate,2
111,Brann Bronzebeard,1
111,Sap,2
111,Sabotage,1
111,Antique Healbot,1
111,Blade Flurry,1
112,Wild Growth,2
112,Swipe,2
112,Wrath,2
112,Piloted Shredder,2
112,Keeper of the Grove,2
112,Innervate,2
112,Living Roots,2
112,Force of Nature,1
112,Big Game Hunter,2
112,Savage Roar,1
112,Druid of the Saber,1
112,Darnassus Aspirant,2
112,Dr. Boom,1
112,Azure Drake,2
112,Harrison Jones,1
112,Emperor Thaurissan,1
112,Druid of the Claw,2
113,Ysera,1
113,Backstab,2
113,Antique Healbot,2
113,Alexstrasza,1
113,Earthen Ring Farseer,2
113,Betrayal,2
113,Beneath the Grounds,2
113,Loatheb,1
113,Dr. Boom,1
113,Gang Up,2
113,SI:7 Agent,2
113,Sludge Belcher,2
113,Burgle,2
113,Anub&#x27;arak,1
113,Eviscerate,2
113,Sprint,1
113,Sap,1
113,Assassinate,1
113,Ragnaros the Firelord,1
114,Argent Squire,1
114,Competitive Spirit,1
114,Truesilver Champion,1
114,Blessing of Might,2
114,Abusive Sergeant,2
114,Noble Sacrifice,2
114,Repentance,1
114,Knife Juggler,2
114,Coghammer,1
114,Divine Favor,2
114,Piloted Shredder,2
114,Muster for Battle,2
114,Secretkeeper,2
114,Shielded Minibot,2
114,Dr. Boom,1
114,Haunted Creeper,2
114,Redemption,2
115,Murloc Knight,2
115,Truesilver Champion,2
115,Equality,1
115,Justicar Trueheart,1
115,Zombie Chow,1
115,Piloted Shredder,2
115,Antique Healbot,1
115,Quartermaster,2
115,Knife Juggler,2
115,Big Game Hunter,1
115,Dr. Boom,1
115,Consecration,2
115,Sludge Belcher,2
115,Coghammer,1
115,Lay on Hands,1
115,Tirion Fordring,1
115,Shielded Minibot,2
115,Argent Protector,1
115,Muster for Battle,2
116,Abusive Sergeant,1
116,Lock and Load,2
116,Mechwarper,2
116,Spider Tank,2
116,Piloted Shredder,2
116,Glaivezooka,2
116,Quick Shot,2
116,Cogmaster,1
116,Fel Reaver,2
116,Toshley,1
116,Mechanical Yeti,2
116,Tinkertown Technician,2
116,Metaltooth Leaper,2
116,Dr. Boom,1
116,Clockwork Gnome,2
116,Annoy-o-Tron,2
117,Unleash the Hounds,2
117,Wolfrider,2
117,Ironbeak Owl,2
117,Animal Companion,2
117,Abusive Sergeant,2
117,Argent Squire,2
117,Lance Carrier,2
117,Glaivezooka,2
117,Knife Juggler,2
117,Kill Command,2
117,Dire Wolf Alpha,2
117,Leper Gnome,2
117,Brave Archer,2
117,Argent Horserider,2
118,Vanish,2
118,Deadly Poison,2
118,Backstab,2
118,Tinker&#x27;s Sharpsword Oil,1
118,Shadowstep,2
118,Deathlord,2
118,Antique Healbot,2
118,Preparation,2
118,Gang Up,2
118,SI:7 Agent,2
118,Beneath the Grounds,1
118,Coldlight Oracle,2
118,Eviscerate,2
118,Sap,2
118,Emperor Thaurissan,1
118,Dr. Boom,1
118,Blade Flurry,1
119,Twilight Guardian,2
119,Molten Giant,2
119,Ironbeak Owl,1
119,Chillmaw,1
119,Alexstrasza,1
119,Volcanic Drake,2
119,Lord Jaraxxus,1
119,Shadowflame,2
119,Defender of Argus,2
119,Twilight Drake,2
119,Sunfury Protector,2
119,Hellfire,2
119,Blackwing Corruptor,2
119,Darkbomb,2
119,Antique Healbot,2
119,Siphon Soul,1
120,Unleash the Hounds,2
120,Leper Gnome,2
120,Ironbeak Owl,1
120,Worgen Infiltrator,1
120,Animal Companion,2
120,Abusive Sergeant,2
120,Explosive Trap,2
120,Eaglehorn Bow,2
120,Glaivezooka,2
120,Knife Juggler,2
120,Quick Shot,2
120,Kill Command,2
120,Mad Scientist,2
120,Haunted Creeper,2
120,Argent Horserider,2
121,Shield Block,2
121,Bolster,1
121,Cleave,2
121,Fiery War Axe,2
121,Brawl,2
121,Armorsmith,1
121,Execute,2
121,Silverback Patriarch,2
121,Shield Slam,1
121,Varian Wrynn,1
121,Sen&#x27;jin Shieldmasta,2
121,Kel&#x27;Thuzad,1
121,Sludge Belcher,2
121,Death&#x27;s Bite,1
121,Emperor Thaurissan,1
121,Sunwalker,2
121,Bash,2
121,Annoy-o-Tron,2
122,Fan of Knives,1
122,Bloodmage Thalnos,1
122,Goblin Auto-Barber,2
122,Deadly Poison,2
122,Backstab,2
122,Tinker&#x27;s Sharpsword Oil,1
122,Piloted Shredder,2
122,Burgle,2
122,Loatheb,1
122,Antique Healbot,1
122,Undercity Valiant,2
122,SI:7 Agent,2
122,Loot Hoarder,1
122,Azure Drake,2
122,Eviscerate,2
122,Assassinate,1
122,Sap,1
122,Dr. Boom,1
122,Sludge Belcher,2
123,Arcane Missiles,2
123,Fireball,2
123,Mirror Image,2
123,Frostbolt,2
123,Unstable Portal,2
123,Sorcerer&#x27;s Apprentice,2
123,Gadgetzan Auctioneer,2
123,Mana Wyrm,2
123,Mechanical Yeti,2
123,Clockwork Gnome,2
123,Archmage Antonidas,1
123,Azure Drake,2
123,Flamewaker,2
123,Emperor Thaurissan,1
123,Arcane Intellect,2
124,Tuskarr Totemic,2
124,Fireguard Destroyer,2
124,Fire Elemental,2
124,Rumbling Elemental,2
124,Earth Shock,1
124,Hex,1
124,Big Game Hunter,1
124,Loatheb,1
124,Defender of Argus,1
124,Al&#x27;Akir the Windlord,1
124,Tunnel Trogg,2
124,Neptulon,1
124,Rockbiter Weapon,2
124,Totem Golem,2
124,Azure Drake,2
124,Lightning Storm,2
124,Flametongue Totem,2
124,Brann Bronzebeard,1
125,Power Word: Shield,2
125,Twilight Whelp,2
125,Feugen,1
125,Alexstrasza,1
125,Fjola Lightbane,1
125,Twilight Guardian,2
125,Stalagg,1
125,Illidan Stormrage,1
125,Rend Blackhand,1
125,Resurrect,2
125,Eydis Darkbane,1
125,Confessor Paletress,1
125,Northshire Cleric,2
125,Wyrmrest Agent,2
125,Shadow Word: Death,2
125,Velen&#x27;s Chosen,2
125,Azure Drake,2
125,Ysera,1
125,Dr. Boom,1
125,Ragnaros the Firelord,1
126,Innervate,2
126,Wrath,2
126,Zombie Chow,1
126,Swipe,2
126,Keeper of the Grove,2
126,Ancient of War,1
126,Force of Nature,2
126,Wild Growth,2
126,Piloted Shredder,2
126,Savage Roar,2
126,Shade of Naxxramas,2
126,Darnassus Aspirant,2
126,Big Game Hunter,1
126,Dr. Boom,1
126,Azure Drake,1
126,Emperor Thaurissan,1
126,Druid of the Claw,2
127,Unleash the Hounds,1
127,Wolfrider,2
127,Arcane Golem,2
127,Leeroy Jenkins,1
127,King Krush,1
127,Bluegill Warrior,2
127,Stormwind Knight,2
127,Gnomeregan Infantry,2
127,Argent Commander,2
127,Kill Command,2
127,Argent Horserider,2
127,Ragnaros the Firelord,1
127,Icehowl,1
127,Deathwing,1
127,Skycap&#x27;n Kragg,1
127,Reckless Rocketeer,2
127,Old Murk-Eye,1
127,Animal Companion,2
128,Shield Block,2
128,Acidic Swamp Ooze,1
128,Execute,2
128,Cruel Taskmaster,1
128,Justicar Trueheart,1
128,Death&#x27;s Bite,2
128,Piloted Shredder,2
128,Brawl,1
128,Armorsmith,1
128,Big Game Hunter,1
128,Dr. Boom,1
128,Shield Slam,2
128,Slam,1
128,Acolyte of Pain,1
128,Alexstrasza,1
128,Fiery War Axe,2
128,Deathwing,1
128,Shieldmaiden,2
128,Emperor Thaurissan,1
128,Grommash Hellscream,1
128,Sludge Belcher,2
129,Lord Jaraxxus,1
129,Molten Giant,2
129,Ironbeak Owl,2
129,Antique Healbot,2
129,Earthen Ring Farseer,1
129,Big Game Hunter,1
129,Shadowflame,1
129,Defender of Argus,2
129,Mountain Giant,2
129,Twilight Drake,2
129,Loatheb,1
129,Sunfury Protector,2
129,Emperor Thaurissan,1
129,Hellfire,2
129,Ancient Watcher,2
129,Darkbomb,2
129,Dr. Boom,1
129,Sludge Belcher,1
130,Piloted Shredder,1
130,Avenge,2
130,Truesilver Champion,1
130,Mysterious Challenger,2
130,Redemption,1
130,Abusive Sergeant,2
130,Noble Sacrifice,2
130,Competitive Spirit,1
130,Repentance,1
130,Knife Juggler,2
130,Coghammer,1
130,Loatheb,1
130,Divine Favor,1
130,Consecration,1
130,Muster for Battle,2
130,Secretkeeper,2
130,Shielded Minibot,2
130,Dr. Boom,1
130,Haunted Creeper,2
131,Power Word: Shield,2
131,Blackwing Corruptor,1
131,Twilight Whelp,2
131,Inner Fire,2
131,Chillmaw,1
131,Deathlord,2
131,Twilight Guardian,2
131,Justicar Trueheart,1
131,Chromaggus,1
131,Northshire Cleric,2
131,Wyrmrest Agent,2
131,Divine Spirit,2
131,Shadow Word: Death,1
131,Velen&#x27;s Chosen,2
131,Azure Drake,2
131,Ysera,1
131,Holy Nova,1
131,Lightbomb,2
132,Arcane Missiles,2
132,Flamewaker,2
132,Mirror Image,2
132,Frostbolt,2
132,Unstable Portal,1
132,Flamestrike,1
132,Water Elemental,2
132,Mirror Entity,2
132,Mana Wyrm,2
132,Nexus-Champion Saraad,1
132,Mad Scientist,2
132,Archmage Antonidas,1
132,Azure Drake,2
132,Fireball,2
132,Dr. Boom,1
132,Arcane Intellect,2
132,Flamecannon,1
133,Unleash the Hounds,2
133,Bear Trap,2
133,Houndmaster,2
133,Animal Companion,2
133,Freezing Trap,2
133,Knife Juggler,2
133,Eaglehorn Bow,2
133,Glaivezooka,1
133,Timber Wolf,2
133,Kill Command,2
133,Explosive Trap,2
133,Secretkeeper,2
133,Flare,2
133,Nerub&#x27;ar Weblord,1
133,Webspinner,2
133,Mukla&#x27;s Champion,1
134,Vaporize,1
134,Mechwarper,2
134,Tinkertown Technician,1
134,Gazlowe,1
134,Flamewaker,1
134,Emperor Thaurissan,1
134,Clockwork Knight,1
134,Snowchugger,1
134,Arcane Missiles,2
134,Rhonin,1
134,Enhance-o Mechano,1
134,Junkbot,1
134,Clockwork Gnome,1
134,Goblin Blastmage,2
134,Frostbolt,1
134,Cogmaster,1
134,Ice Lance,2
134,Fireball,2
134,Ironbeak Owl,1
134,Mirror Image,2
134,Blizzard,1
134,Unstable Portal,1
134,Ice Block,1
135,Faceless Manipulator,1
135,Arcane Golem,1
135,Ironbeak Owl,2
135,Imp-losion,2
135,Unstable Ghoul,1
135,Earthen Ring Farseer,1
135,Power Overwhelming,2
135,Big Game Hunter,1
135,Harvest Golem,2
135,Antique Healbot,2
135,Twilight Drake,2
135,Sludge Belcher,2
135,Bloodmage Thalnos,1
135,Emperor Thaurissan,1
135,Hellfire,2
135,Darkbomb,2
135,Dr. Boom,1
135,Siphon Soul,2
136,Unleash the Hounds,2
136,Bear Trap,1
136,Houndmaster,2
136,Animal Companion,2
136,Hunter&#x27;s Mark,1
136,Freezing Trap,1
136,Eaglehorn Bow,2
136,Snake Trap,1
136,Knife Juggler,2
136,Loatheb,1
136,Kill Command,2
136,Piloted Shredder,2
136,Ironbeak Owl,1
136,Mad Scientist,2
136,Webspinner,2
136,Stampeding Kodo,1
136,Dr. Boom,1
136,Haunted Creeper,2
137,Fan of Knives,2
137,Bloodmage Thalnos,1
137,Deadly Poison,2
137,Backstab,2
137,Kezan Mystic,2
137,Undercity Valiant,2
137,Piloted Shredder,2
137,Trade Prince Gallywix,1
137,Loatheb,1
137,Dr. Boom,1
137,Preparation,1
137,SI:7 Agent,2
137,Eviscerate,2
137,Azure Drake,2
137,Sprint,1
137,Sap,1
137,Assassinate,1
137,Blade Flurry,1
137,Buccaneer,2
138,Fan of Knives,2
138,Blackwing Corruptor,2
138,Deadly Poison,2
138,Backstab,2
138,Chillmaw,1
138,Alexstrasza,1
138,Twilight Guardian,2
138,Rend Blackhand,1
138,Preparation,1
138,Twilight Drake,2
138,SI:7 Agent,2
138,Sludge Belcher,1
138,Dark Iron Skulker,1
138,Eviscerate,2
138,Azure Drake,2
138,Sprint,1
138,Sap,2
138,Antique Healbot,2
139,Fan of Knives,2
139,Bloodmage Thalnos,1
139,Deadly Poison,2
139,Backstab,2
139,Tinker&#x27;s Sharpsword Oil,2
139,Piloted Shredder,2
139,Earthen Ring Farseer,1
139,Violet Teacher,1
139,Preparation,2
139,SI:7 Agent,2
139,Sludge Belcher,1
139,Eviscerate,2
139,Azure Drake,2
139,Sprint,2
139,Sap,2
139,Sabotage,1
139,Blade Flurry,2
140,Counterspell,1
140,Arcane Missiles,2
140,Fireball,2
140,Mirror Image,2
140,Frostbolt,2
140,Unstable Portal,1
140,Sorcerer&#x27;s Apprentice,2
140,Flamecannon,2
140,Knife Juggler,2
140,Bloodmage Thalnos,1
140,Violet Teacher,2
140,Mana Wyrm,2
140,Ironbeak Owl,1
140,Clockwork Gnome,1
140,Azure Drake,1
140,Flamewaker,2
140,Wild Pyromancer,1
140,Arcane Intellect,2
141,Stoneskin Gargoyle,2
141,Holy Fire,2
141,Boneguard Lieutenant,2
141,Refreshment Vendor,2
141,Earthen Ring Farseer,2
141,Power Word: Glory,2
141,Lightwell,2
141,Antique Healbot,2
141,Priestess of Elune,2
141,Light of the Naaru,2
141,Shadow Word: Pain,2
141,Flash Heal,2
141,Tournament Medic,2
141,Holy Nova,2
142,Healing Wave,2
142,Lava Shock,2
142,Elemental Destruction,2
142,Antique Healbot,2
142,Feral Spirit,2
142,Hex,2
142,Harrison Jones,1
142,Fire Elemental,2
142,Al&#x27;Akir the Windlord,1
142,Neptulon,1
142,Sludge Belcher,2
142,Rockbiter Weapon,2
142,Azure Drake,2
142,Lightning Storm,2
142,Ysera,1
142,Charged Hammer,1
142,Dr. Boom,1
143,Wild Growth,2
143,Swipe,2
143,Wrath,2
143,Piloted Shredder,1
143,Keeper of the Grove,2
143,Innervate,2
143,Living Roots,1
143,Force of Nature,2
143,Big Game Hunter,1
143,Savage Roar,2
143,Shade of Naxxramas,2
143,Darnassus Aspirant,2
143,Dr. Boom,1
143,Azure Drake,1
143,Emperor Thaurissan,1
143,Druid of the Claw,2
143,Sludge Belcher,2
144,Molten Giant,2
144,Ironbeak Owl,2
144,Kezan Mystic,1
144,Emperor Thaurissan,1
144,Chromaggus,1
144,Sludge Belcher,2
144,Power Overwhelming,1
144,Defender of Argus,2
144,Shadowflame,1
144,Antique Healbot,2
144,Mountain Giant,1
144,Twilight Drake,2
144,Sunfury Protector,2
144,Twisting Nether,1
144,Hellfire,2
144,Ancient Watcher,2
144,Darkbomb,2
144,Dr. Boom,1
144,Siphon Soul,1
145,Execute,2
145,Cruel Taskmaster,1
145,Battle Rage,2
145,Piloted Shredder,2
145,Grommash Hellscream,1
145,Dread Corsair,2
145,Loatheb,1
145,Grim Patron,2
145,Armorsmith,2
145,Slam,1
145,Acolyte of Pain,2
145,Unstable Ghoul,1
145,Death&#x27;s Bite,2
145,Inner Rage,2
145,Fiery War Axe,2
145,Dr. Boom,1
145,Whirlwind,2
146,Fel Reaver,1
146,Ironbeak Owl,2
146,Wailing Soul,2
146,Zombie Chow,2
146,Keeper of the Grove,2
146,Innervate,2
146,Living Roots,2
146,Savage Roar,2
146,Loatheb,1
146,Defender of Argus,1
146,Force of Nature,1
146,Sunfury Protector,2
146,Darnassus Aspirant,2
146,Deathlord,2
146,Eerie Statue,2
146,Ogre Brute,2
147,Lord Jaraxxus,1
147,Molten Giant,2
147,Ironbeak Owl,2
147,Mal&#x27;Ganis,1
147,Voidcaller,2
147,Doomguard,1
147,Big Game Hunter,1
147,Shadowflame,1
147,Defender of Argus,2
147,Mountain Giant,2
147,Twilight Drake,2
147,Antique Healbot,2
147,Sunfury Protector,2
147,Emperor Thaurissan,1
147,Hellfire,1
147,Ancient Watcher,2
147,Darkbomb,2
147,Dr. Boom,1
148,Murloc Knight,2
148,Truesilver Champion,1
148,Equality,1
148,Justicar Trueheart,1
148,Zombie Chow,2
148,Antique Healbot,1
148,Quartermaster,2
148,Knife Juggler,2
148,Big Game Hunter,1
148,Defender of Argus,1
148,Consecration,2
148,Ironbeak Owl,1
148,Sludge Belcher,2
148,Coghammer,1
148,Lay on Hands,1
148,Tirion Fordring,1
148,Harrison Jones,1
148,Shielded Minibot,2
148,Dr. Boom,1
148,Muster for Battle,2
149,Unleash the Hounds,2
149,Houndmaster,2
149,Animal Companion,2
149,Hunter&#x27;s Mark,1
149,Freezing Trap,2
149,Eaglehorn Bow,2
149,Snake Trap,1
149,Knife Juggler,2
149,Quick Shot,1
149,Loatheb,1
149,Kill Command,2
149,Piloted Shredder,1
149,Ironbeak Owl,1
149,Mad Scientist,2
149,Desert Camel,1
149,Webspinner,2
149,Huge Toad,2
149,Sludge Belcher,1
150,Piloted Shredder,2
150,Spider Tank,2
150,Snowchugger,2
150,Frostbolt,2
150,Blizzard,1
150,Clockwork Gnome,2
150,Flamestrike,1
150,Flamecannon,1
150,Cogmaster,2
150,Mana Wyrm,2
150,Goblin Blastmage,2
150,Mechwarper,2
150,Tinkertown Technician,2
150,Azure Drake,2
150,Arcane Intellect,2
150,Annoy-o-Tron,2
151,Unleash the Hounds,2
151,Tracking,2
151,Animal Companion,2
151,Hunter&#x27;s Mark,2
151,Freezing Trap,2
151,Desert Camel,2
151,Kill Command,2
151,Piloted Shredder,2
151,Mad Scientist,2
151,Elise Starseeker,1
151,King&#x27;s Elekk,2
151,Azure Drake,2
151,Brann Bronzebeard,1
151,Webspinner,2
151,Dr. Boom,1
151,Sludge Belcher,1
152,Power Word: Shield,2
152,Light of the Naaru,2
152,Lightbomb,2
152,Circle of Healing,2
152,Deathlord,2
152,Excavated Evil,1
152,Auchenai Soulpriest,2
152,Injured Blademaster,2
152,Northshire Cleric,2
152,Shadow Word: Death,1
152,Shadow Word: Pain,2
152,Holy Smite,2
152,Elise Starseeker,1
152,Flash Heal,2
152,Holy Nova,2
152,Entomb,1
153,Mal&#x27;Ganis,1
153,Imp Gang Boss,1
153,Void Terror,1
153,Abusive Sergeant,1
153,Alexstrasza,1
153,Voidwalker,2
153,Doomguard,1
153,Knife Juggler,2
153,Dr. Boom,1
153,Imp-losion,2
153,Ironbeak Owl,1
153,Voidcaller,1
153,Sea Giant,1
153,Power Overwhelming,1
153,Nerubian Egg,1
153,Haunted Creeper,2
154,Fan of Knives,2
154,Bloodmage Thalnos,1
154,Deadly Poison,2
154,Backstab,2
154,Tinker&#x27;s Sharpsword Oil,2
154,Piloted Shredder,2
154,Violet Teacher,1
154,Loatheb,1
154,Preparation,2
154,SI:7 Agent,2
154,Southsea Deckhand,1
154,Eviscerate,2
154,Azure Drake,2
154,Sprint,2
154,Sap,2
154,Antique Healbot,1
154,Blade Flurry,2
155,Dark Cultist,2
155,Acidic Swamp Ooze,1
155,Shattered Sun Cleric,1
155,Light of the Naaru,2
155,Circle of Healing,2
155,Holy Fire,1
155,Power Word: Shield,2
155,Loatheb,1
155,Auchenai Soulpriest,2
155,Injured Blademaster,1
155,Shadowboxer,1
155,Zombie Chow,2
155,Northshire Cleric,2
155,Spawn of Shadows,1
155,Injured Kvaldir,2
155,Velen&#x27;s Chosen,2
155,Shrinkmeister,1
155,Holy Champion,2
156,Power Word: Shield,2
156,Lightbomb,2
156,Circle of Healing,2
156,Unstable Ghoul,2
156,Auchenai Soulpriest,2
156,Zombie Chow,2
156,Northshire Cleric,2
156,Acolyte of Pain,2
156,Alexstrasza,1
156,Emperor Thaurissan,1
156,Velen&#x27;s Chosen,2
156,Flash Heal,2
156,Baron Rivendare,1
156,Mind Blast,2
156,Holy Nova,2
156,Prophet Velen,1
157,Fan of Knives,1
157,Bloodmage Thalnos,1
157,Deadly Poison,1
157,Cult Master,1
157,Tomb Pillager,2
157,Piloted Shredder,2
157,Piloted Sky Golem,2
157,Harvest Golem,1
157,Cold Blood,2
157,Sneed&#x27;s Old Shredder,1
157,Anub&#x27;arak,1
157,SI:7 Agent,2
157,Haunted Creeper,2
157,Eviscerate,2
157,Cairne Bloodhoof,1
157,Sap,1
157,Kel&#x27;Thuzad,1
157,Nerubian Egg,1
157,Unearthed Raptor,2
157,Sludge Belcher,2
158,Mal&#x27;Ganis,1
158,Lord Jaraxxus,1
158,Ironbeak Owl,1
158,Dr. Boom,1
158,The Black Knight,1
158,Voidcaller,1
158,Doomguard,1
158,Big Game Hunter,1
158,Shadowflame,1
158,Defender of Argus,1
158,Mountain Giant,2
158,Twilight Drake,2
158,Loatheb,1
158,Sunfury Protector,2
158,Molten Giant,2
158,Emperor Thaurissan,1
158,Hellfire,1
158,Ancient Watcher,2
158,Darkbomb,2
158,Antique Healbot,2
158,Sludge Belcher,1
159,Unleash the Hounds,2
159,Faceless Manipulator,1
159,Lock and Load,2
159,Animal Companion,2
159,Hunter&#x27;s Mark,2
159,Piloted Shredder,2
159,Echoing Ooze,2
159,Djinni of Zephyrs,2
159,Defender of Argus,1
159,Antique Healbot,1
159,Sen&#x27;jin Shieldmasta,2
159,Feign Death,2
159,Summoning Stone,1
159,Brann Bronzebeard,1
159,Explorer&#x27;s Hat,2
159,Emperor Thaurissan,1
159,Dr. Boom,1
159,Baron Rivendare,1
160,Piloted Shredder,2
160,Arcane Missiles,1
160,Flamewaker,2
160,Kezan Mystic,1
160,Frostbolt,2
160,Unstable Portal,2
160,Flamestrike,1
160,Flamecannon,2
160,Loatheb,1
160,Mana Wyrm,2
160,Kel&#x27;Thuzad,1
160,Mad Scientist,2
160,Mirror Entity,2
160,Azure Drake,2
160,Fireball,2
160,Emperor Thaurissan,1
160,Sludge Belcher,2
161,Dark Cultist,1
161,Velen&#x27;s Chosen,2
161,Power Word: Shield,2
161,Shrinkmeister,1
161,Twilight Whelp,2
161,Lightbomb,1
161,Cabal Shadow Priest,1
161,Eydis Darkbane,1
161,Chillmaw,1
161,Twilight Guardian,2
161,Blackwing Corruptor,2
161,Northshire Cleric,2
161,Wyrmrest Agent,2
161,Vol&#x27;jin,1
161,Shadow Word: Death,1
161,Shadow Word: Pain,1
161,Azure Drake,2
161,Ysera,1
161,Holy Nova,2
162,Murloc Knight,2
162,Hammer of Wrath,1
162,Puddlestomper,2
162,Bluegill Warrior,2
162,Grimscale Oracle,2
162,Hand of Protection,2
162,Murloc Raider,2
162,Divine Favor,2
162,Coldlight Seer,2
162,Blessing of Might,2
162,Murloc Warleader,2
162,Coldlight Oracle,2
162,Murloc Tidehunter,2
162,Murloc Tidecaller,2
162,Old Murk-Eye,1
163,Totem Golem,2
163,Everyfin is Awesome,1
163,Piloted Shredder,2
163,Crackle,2
163,Feral Spirit,2
163,Hex,1
163,Fire Elemental,2
163,Loatheb,1
163,Murloc Tinyfin,2
163,Coldlight Seer,2
163,Zombie Chow,1
163,Neptulon,1
163,Haunted Creeper,2
163,Murloc Warleader,2
163,Coldlight Oracle,2
163,Lightning Storm,2
163,Dr. Boom,1
163,Old Murk-Eye,1
164,Drakonid Crusher,2
164,Innervate,2
164,Druid of the Flame,2
164,Volcanic Lumberer,2
164,River Crocolisk,2
164,Swipe,2
164,Mark of the Wild,2
164,Volcanic Drake,2
164,Rend Blackhand,1
164,Wild Growth,2
164,Chromaggus,1
164,Nefarian,1
164,Hungry Dragon,2
164,Blackwing Technician,2
164,Blackwing Corruptor,2
164,Dragonkin Sorcerer,2
165,Clockwork Knight,1
165,Iron Sensei,2
165,Goblin Auto-Barber,2
165,Backstab,2
165,Mechwarper,2
165,Piloted Shredder,2
165,Loatheb,1
165,Harvest Golem,2
165,Cogmaster&#x27;s Wrench,1
165,Arcane Nullifier X-21,1
165,SI:7 Agent,2
165,Blade Flurry,1
165,Cogmaster,1
165,Eviscerate,2
165,Gorillabot A-3,2
165,Dr. Boom,1
165,Ragnaros the Firelord,1
165,Annoy-o-Tron,2
166,Unleash the Hounds,2
166,Bear Trap,1
166,Houndmaster,1
166,Animal Companion,2
166,Hunter&#x27;s Mark,2
166,Piloted Shredder,2
166,Eaglehorn Bow,2
166,Snake Trap,2
166,Knife Juggler,2
166,Quick Shot,1
166,Loatheb,1
166,Kill Command,2
166,Mad Scientist,2
166,King&#x27;s Elekk,2
166,Dr. Boom,1
166,Haunted Creeper,2
166,Sludge Belcher,1
167,Shadow Madness,1
167,Dancing Swords,2
167,Lightbomb,1
167,Cabal Shadow Priest,2
167,Circle of Healing,2
167,Antique Healbot,1
167,Deathlord,2
167,Justicar Trueheart,1
167,Auchenai Soulpriest,2
167,Sludge Belcher,1
167,Shadow Word: Pain,2
167,Coldlight Oracle,2
167,Flash Heal,2
167,Shrinkmeister,2
167,Thoughtsteal,2
167,Holy Nova,2
167,Entomb,2
168,Unleash the Hounds,2
168,Gormok the Impaler,1
168,Bear Trap,1
168,Houndmaster,2
168,Animal Companion,2
168,Scavenging Hyena,1
168,Piloted Shredder,2
168,Eaglehorn Bow,2
168,Snake Trap,1
168,Knife Juggler,2
168,Haunted Creeper,2
168,Ram Wrangler,1
168,Kill Command,2
168,Ironbeak Owl,1
168,Mad Scientist,2
168,Webspinner,2
168,Dr. Boom,1
168,Tundra Rhino,1
169,Swipe,2
169,Aviana,1
169,Wrath,2
169,Zombie Chow,1
169,Keeper of the Grove,2
169,Innervate,2
169,Living Roots,1
169,Big Game Hunter,1
169,Loatheb,1
169,Dr. Boom,1
169,Wild Growth,2
169,Sen&#x27;jin Shieldmasta,2
169,Kel&#x27;Thuzad,1
169,Sludge Belcher,1
169,Darnassus Aspirant,2
169,Ancient of War,2
169,Ancient of Lore,2
169,Emperor Thaurissan,1
169,Druid of the Claw,2
170,Brann Bronzebeard,1
170,Sir Finley Mrrgglton,1
170,Stormforged Axe,2
170,Earth Shock,2
170,Lava Burst,2
170,Crackle,2
170,Fire Elemental,2
170,Antique Healbot,2
170,Tunnel Trogg,2
170,Ancestral Knowledge,2
170,Fireguard Destroyer,2
170,Feral Spirit,2
170,Totem Golem,2
170,Azure Drake,2
170,Lightning Storm,1
170,Dr. Boom,1
171,Unleash the Hounds,2
171,Acidic Swamp Ooze,1
171,Houndmaster,2
171,Animal Companion,2
171,Hunter&#x27;s Mark,2
171,Piloted Shredder,2
171,Eaglehorn Bow,1
171,Glaivezooka,2
171,Knife Juggler,2
171,Argent Squire,1
171,Kill Command,2
171,Ironbeak Owl,1
171,Leper Gnome,2
171,Bloodfen Raptor,2
171,Haunted Creeper,2
171,Argent Horserider,2
172,Shield Block,1
172,Execute,2
172,Ironbeak Owl,1
172,Fiery War Axe,1
172,Raging Worgen,1
172,Battle Rage,1
172,Brawl,2
172,Chromaggus,1
172,Bash,2
172,Dread Corsair,1
172,Death&#x27;s Bite,2
172,Armorsmith,2
172,Varian Wrynn,1
172,Kel&#x27;Thuzad,1
172,Acolyte of Pain,1
172,Unstable Ghoul,1
172,Grommash Hellscream,1
172,Frothing Berserker,1
172,Axe Flinger,2
172,Ragnaros the Firelord,1
172,Sludge Belcher,2
173,Snowchugger,2
173,Spider Tank,2
173,Ironbeak Owl,1
173,Goblin Blastmage,2
173,Mechwarper,2
173,Piloted Shredder,2
173,Cogmaster,2
173,Loatheb,1
173,Archmage Antonidas,1
173,Tinkertown Technician,2
173,Azure Drake,2
173,Gorillabot A-3,2
173,Fireball,2
173,Dr. Boom,1
173,Clockwork Gnome,2
173,Annoy-o-Tron,2
174,Fan of Knives,2
174,Unearthed Raptor,2
174,Backstab,2
174,Piloted Shredder,2
174,Antique Healbot,1
174,Big Game Hunter,1
174,Anub&#x27;arak,1
174,Defender of Argus,2
174,Cold Blood,2
174,Zombie Chow,1
174,SI:7 Agent,2
174,Sludge Belcher,1
174,Pit Snake,1
174,Eviscerate,2
174,Dr. Boom,1
174,Azure Drake,2
174,Sprint,1
174,Nerubian Egg,2
174,Haunted Creeper,1
175,Unleash the Hounds,2
175,Bear Trap,2
175,Kezan Mystic,2
175,Animal Companion,2
175,Explosive Trap,2
175,Eaglehorn Bow,2
175,Snake Trap,2
175,Quick Shot,2
175,Loatheb,1
175,Kill Command,2
175,Misdirection,2
175,Mad Scientist,2
175,Secretkeeper,2
175,Snipe,1
175,Sludge Belcher,2
176,Crackle,2
176,Flametongue Totem,1
176,Gadgetzan Jouster,1
176,Abusive Sergeant,2
176,Rumbling Elemental,2
176,Alexstrasza,1
176,Blackwing Technician,2
176,Twilight Guardian,2
176,Fire Elemental,2
176,Lightning Storm,2
176,Big Game Hunter,1
176,Nefarian,1
176,Sir Finley Mrrgglton,1
176,Hex,2
176,Dr. Boom,1
176,Azure Drake,2
176,Brann Bronzebeard,1
176,Blackwing Corruptor,2
176,Antique Healbot,1
177,Brann Bronzebeard,1
177,Fan of Knives,2
177,Sap,2
177,Backstab,2
177,Vanish,2
177,Shadowstep,2
177,Deathlord,2
177,Preparation,2
177,Gang Up,2
177,SI:7 Agent,2
177,Sir Finley Mrrgglton,1
177,Eviscerate,2
177,Sprint,1
177,King Mukla,1
177,Antique Healbot,2
177,Youthful Brewmaster,2
178,Bolster,2
178,Execute,2
178,Fiery War Axe,2
178,Obsidian Destroyer,2
178,Brawl,1
178,Sparring Partner,2
178,Death&#x27;s Bite,2
178,The Black Knight,1
178,Crush,1
178,Varian Wrynn,1
178,Sen&#x27;jin Shieldmasta,2
178,Acolyte of Pain,2
178,Unstable Ghoul,2
178,Grommash Hellscream,1
178,Shieldmaiden,1
178,Fierce Monkey,2
178,Ragnaros the Firelord,1
178,Sludge Belcher,2
179,Lord Jaraxxus,1
179,Molten Giant,2
179,Ironbeak Owl,2
179,Refreshment Vendor,2
179,Sludge Belcher,2
179,Big Game Hunter,1
179,Shadowflame,2
179,Defender of Argus,2
179,Mountain Giant,2
179,Twilight Drake,2
179,Sunfury Protector,2
179,Ogre Brute,1
179,Hellfire,1
179,Bolf Ramshield,1
179,Ancient Watcher,1
179,Darkbomb,2
179,Antique Healbot,2
179,Siphon Soul,1
180,Sir Finley Mrrgglton,1
180,Ironbeak Owl,2
180,Bluegill Warrior,2
180,Coldlight Seer,2
180,Murloc Tinyfin,2
180,Murloc Tidecaller,2
180,Reliquary Seeker,2
180,Power Overwhelming,2
180,Grimscale Oracle,2
180,Soulfire,2
180,Murloc Warleader,2
180,Coldlight Oracle,1
180,Murloc Tidehunter,1
180,Voidwalker,2
180,Old Murk-Eye,1
180,Annoy-o-Tron,2
181,Drain Life,1
181,Shadow Bolt,1
181,Feugen,1
181,Deathlord,1
181,Blood Imp,1
181,Hellfire,1
181,Voidwalker,1
181,Power Overwhelming,1
181,Sense Demons,1
181,Baron Rivendare,1
181,Stalagg,1
181,Undertaker,1
181,Knife Juggler,1
181,Flame Imp,2
181,Soulfire,1
181,Floating Watcher,1
181,Dreadsteed,1
181,Mortal Coil,1
181,Imp Gang Boss,2
181,Darkbomb,1
181,Sacrificial Pact,2
181,Demonfire,1
181,Sludge Belcher,1
181,Flesheating Ghoul,2
181,Twisting Nether,1
182,Faceless Manipulator,2
182,Shadow Madness,2
182,Convert,1
182,Mind Control,2
182,Kezan Mystic,1
182,Cabal Shadow Priest,1
182,Sideshow Spelleater,1
182,Deathlord,2
182,Shrinkmeister,2
182,Resurrect,2
182,Nefarian,1
182,Northshire Cleric,2
182,Kel&#x27;Thuzad,1
182,Shadow Word: Death,2
182,Shadow Word: Pain,2
182,Injured Kvaldir,1
182,Mind Vision,2
182,Chromaggus,1
183,Piloted Shredder,2
183,Arcane Missiles,2
183,Flamewaker,2
183,Counterspell,1
183,Frostbolt,2
183,Unstable Portal,2
183,Flamestrike,1
183,Flamecannon,1
183,Mirror Entity,1
183,Arcane Blast,1
183,Kezan Mystic,1
183,Mana Wyrm,2
183,Mad Scientist,2
183,Archmage Antonidas,1
183,Azure Drake,2
183,Fireball,2
183,Dr. Boom,1
183,Arcane Intellect,2
184,Charged Hammer,1
184,Crackle,2
184,Bloodmage Thalnos,1
184,Summoning Stone,1
184,Healing Wave,2
184,Earth Shock,2
184,Lava Burst,1
184,Mana Tide Totem,2
184,Hex,2
184,Lava Shock,2
184,Doomhammer,1
184,Elemental Destruction,2
184,Tunnel Trogg,1
184,Rockbiter Weapon,2
184,Far Sight,2
184,Lightning Storm,2
184,Malygos,1
184,Emperor Thaurissan,1
185,Leper Gnome,2
185,Swipe,2
185,Piloted Shredder,2
185,Living Roots,2
185,Keeper of the Grove,2
185,Innervate,2
185,Knife Juggler,2
185,Mark of the Wild,1
185,Harvest Golem,1
185,Nerubian Egg,2
185,Savage Roar,2
185,Druid of the Saber,2
185,Darnassus Aspirant,2
185,Druid of the Claw,2
185,Haunted Creeper,2
186,Unleash the Hounds,2
186,Leper Gnome,2
186,Ironbeak Owl,1
186,Worgen Infiltrator,1
186,Animal Companion,2
186,Abusive Sergeant,2
186,Explosive Trap,2
186,Eaglehorn Bow,2
186,Glaivezooka,1
186,Knife Juggler,2
186,Quick Shot,2
186,Kill Command,2
186,Dart Trap,1
186,Mad Scientist,2
186,Haunted Creeper,2
186,Argent Horserider,2
187,Tuskarr Totemic,2
187,Fireguard Destroyer,2
187,Rumbling Elemental,2
187,Antique Healbot,1
187,Hex,2
187,Defender of Argus,2
187,Fire Elemental,2
187,Zombie Chow,2
187,Neptulon,1
187,Rockbiter Weapon,2
187,Dr. Boom,1
187,Azure Drake,2
187,Lightning Storm,1
187,Flametongue Totem,2
187,Brann Bronzebeard,1
187,Nerubian Egg,2
187,Haunted Creeper,2
188,Polymorph,2
188,Molten Giant,2
188,Flamecannon,2
188,Frostbolt,2
188,Flamestrike,1
188,Alexstrasza,1
188,Arcane Blast,2
188,Arcane Missiles,2
188,Loatheb,1
188,Effigy,2
188,Rhonin,1
188,Unstable Portal,2
188,Duplicate,1
188,Mad Scientist,2
188,Archmage Antonidas,1
188,Malygos,1
188,Emperor Thaurissan,1
188,Antique Healbot,2
189,Swipe,2
189,Wrath,2
189,Piloted Shredder,2
189,Keeper of the Grove,2
189,Innervate,2
189,Force of Nature,2
189,Wild Growth,2
189,Savage Roar,2
189,Darnassus Aspirant,2
189,Ancient of War,2
189,Dr. Boom,1
189,Azure Drake,2
189,Starfall,2
189,Emperor Thaurissan,1
189,Druid of the Claw,2
190,Sir Finley Mrrgglton,1
190,Murloc Tinyfin,2
190,Puddlestomper,1
190,Bluegill Warrior,2
190,Piloted Shredder,2
190,Siltfin Spiritwalker,2
190,Murloc Tidecaller,2
190,Rockbiter Weapon,2
190,Hex,2
190,Bloodlust,1
190,Grimscale Oracle,1
190,Neptulon,1
190,Murloc Warleader,2
190,Murloc Tidehunter,2
190,Lightning Storm,2
190,Flametongue Totem,2
190,Dr. Boom,1
190,Old Murk-Eye,1
191,Unleash the Hounds,2
191,Leper Gnome,2
191,Bear Trap,1
191,Ironbeak Owl,2
191,Abusive Sergeant,2
191,Animal Companion,2
191,Wolfrider,2
191,Explosive Trap,1
191,Eaglehorn Bow,2
191,Knife Juggler,2
191,Quick Shot,2
191,Kill Command,2
191,Freezing Trap,2
191,Mad Scientist,2
191,Haunted Creeper,2
192,Swipe,2
192,Wrath,2
192,Piloted Shredder,2
192,Antique Healbot,1
192,Keeper of the Grove,2
192,Innervate,2
192,Living Roots,1
192,Defender of Argus,2
192,Mark of the Wild,2
192,Force of Nature,2
192,Darnassus Aspirant,2
192,Dr. Boom,1
192,Azure Drake,2
192,Savage Roar,2
192,Brann Bronzebeard,1
192,Echoing Ooze,2
193,Polymorph,1
193,Arcane Missiles,2
193,Flamewaker,2
193,Blackwing Corruptor,2
193,Frostbolt,2
193,Flamestrike,2
193,Water Elemental,2
193,Drakonid Crusher,2
193,Rend Blackhand,1
193,Volcanic Drake,1
193,Mana Wyrm,2
193,Nefarian,1
193,Arcane Explosion,1
193,Hungry Dragon,1
193,Blackwing Technician,2
193,Fireball,2
193,Emperor Thaurissan,1
193,Dragonkin Sorcerer,1
194,Ogre Magi,2
194,Acidic Swamp Ooze,2
194,Shattered Sun Cleric,2
194,Deadly Poison,2
194,Backstab,2
194,Fan of Knives,2
194,Razorfen Hunter,2
194,Nightblade,2
194,Goldshire Footman,2
194,Novice Engineer,1
194,Sen&#x27;jin Shieldmasta,2
194,Assassin&#x27;s Blade,1
194,Gnomish Inventor,1
194,Sprint,1
194,Sap,1
194,Shiv,1
194,Assassinate,1
194,Boulderfist Ogre,1
195,Fan of Knives,1
195,Bloodmage Thalnos,1
195,Vanish,2
195,Backstab,2
195,Jeweled Scarab,2
195,Shadowstep,2
195,Deathlord,1
195,Refreshment Vendor,2
195,Preparation,2
195,Gang Up,2
195,Sludge Belcher,1
195,Beneath the Grounds,1
195,Coldlight Oracle,2
195,Eviscerate,1
195,Brann Bronzebeard,1
195,Sap,2
195,Antique Healbot,2
195,Blade Flurry,1
196,Tuskarr Totemic,2
196,Stormforged Axe,2
196,Fireguard Destroyer,2
196,Abusive Sergeant,2
196,Rumbling Elemental,2
196,Hex,1
196,Fire Elemental,2
196,Loatheb,1
196,Crowd Favorite,2
196,Tunnel Trogg,2
196,Neptulon,1
196,Rockbiter Weapon,1
196,The Mistcaller,1
196,Azure Drake,2
196,Lightning Storm,2
196,Flametongue Totem,2
196,Brann Bronzebeard,1
196,Dr. Boom,1
197,Leper Gnome,2
197,Ironbeak Owl,1
197,Abusive Sergeant,2
197,Imp-losion,1
197,Power Overwhelming,2
197,Voidwalker,2
197,Doomguard,2
197,Knife Juggler,2
197,Dark Iron Dwarf,2
197,Bane of Doom,1
197,Defender of Argus,2
197,Dire Wolf Alpha,2
197,Voidcaller,1
197,Dr. Boom,1
197,Imp Gang Boss,2
197,Nerubian Egg,2
197,Haunted Creeper,2
198,Void Terror,1
198,Abusive Sergeant,2
198,Imp-losion,2
198,Piloted Shredder,2
198,Knife Juggler,2
198,Voidwalker,2
198,Doomguard,2
198,Power Overwhelming,2
198,Dark Iron Dwarf,1
198,Flame Imp,1
198,Defender of Argus,2
198,Dire Wolf Alpha,1
198,Ironbeak Owl,1
198,Loatheb,1
198,Dr. Boom,1
198,Imp Gang Boss,2
198,Nerubian Egg,2
198,Haunted Creeper,1
198,Annoy-o-Tron,1
199,Snowchugger,2
199,Spider Tank,1
199,Goblin Blastmage,2
199,Mechwarper,2
199,Piloted Shredder,2
199,Harvest Golem,1
199,Tinkertown Technician,1
199,Mechanical Yeti,1
199,Clockwork Gnome,2
199,Force-Tank MAX,2
199,Cogmaster,2
199,Azure Drake,2
199,Fireball,2
199,Antique Healbot,2
199,Arcane Intellect,2
199,Annoy-o-Tron,2
200,Lorewalker Cho,1
200,Leper Gnome,2
200,Animal Companion,2
200,Piloted Shredder,2
200,Feign Death,2
200,Djinni of Zephyrs,2
200,Harvest Golem,2
200,Webspinner,2
200,Anubisath Sentinel,2
200,Sludge Belcher,2
200,Dragonkin Sorcerer,2
200,Explorer&#x27;s Hat,2
200,Lil&#x27; Exorcist,2
200,Haunted Creeper,2
200,Baron Rivendare,1
201,Everyfin is Awesome,1
201,Sir Finley Mrrgglton,1
201,Lava Shock,1
201,Fire Elemental,2
201,Piloted Shredder,2
201,Crackle,2
201,Lava Burst,2
201,Feral Spirit,2
201,Knife Juggler,2
201,Bloodlust,1
201,Doomhammer,1
201,Neptulon,1
201,Rockbiter Weapon,2
201,Totem Golem,2
201,Tunnel Trogg,2
201,Lightning Storm,2
201,Flametongue Totem,2
201,Dr. Boom,1
202,Tuskarr Totemic,2
202,Healing Wave,1
202,Haunted Creeper,2
202,Piloted Shredder,2
202,Earth Shock,1
202,Knife Juggler,2
202,Defender of Argus,1
202,Fire Elemental,2
202,Zombie Chow,2
202,Sludge Belcher,2
202,Hex,2
202,Feral Spirit,1
202,Totem Golem,2
202,Azure Drake,1
202,Lightning Storm,2
202,Flametongue Totem,2
202,Dr. Boom,1
202,Ragnaros the Firelord,1
203,Fan of Knives,2
203,Bloodmage Thalnos,1
203,Deadly Poison,2
203,Backstab,2
203,Unearthed Raptor,2
203,Leper Gnome,2
203,Piloted Shredder,2
203,Loatheb,1
203,Dr. Boom,1
203,Cold Blood,2
203,SI:7 Agent,2
203,Loot Hoarder,2
203,Eviscerate,2
203,Azure Drake,1
203,Sap,2
203,Nerubian Egg,2
203,Blade Flurry,1
204,Piloted Shredder,2
204,Avenge,2
204,Truesilver Champion,1
204,Mysterious Challenger,2
204,Redemption,1
204,Blessing of Kings,1
204,Noble Sacrifice,2
204,Competitive Spirit,1
204,Knife Juggler,2
204,Coghammer,1
204,Loatheb,1
204,Divine Favor,1
204,Consecration,1
204,Sludge Belcher,1
204,Secretkeeper,2
204,Muster for Battle,2
204,Tirion Fordring,1
204,Shielded Minibot,2
204,Dr. Boom,1
204,Haunted Creeper,1
205,Velen&#x27;s Chosen,2
205,Power Word: Shield,2
205,Lightbomb,1
205,Acolyte of Pain,2
205,Alexstrasza,1
205,Holy Fire,2
205,Bloodmage Thalnos,1
205,Loatheb,1
205,Northshire Cleric,2
205,Loot Hoarder,2
205,Shadow Word: Death,2
205,Shadow Word: Pain,1
205,Holy Smite,2
205,Azure Drake,1
205,Emperor Thaurissan,1
205,Mind Blast,2
205,Holy Nova,2
205,Prophet Velen,1
206,Swipe,2
206,Wrath,2
206,Piloted Shredder,2
206,Keeper of the Grove,2
206,Innervate,2
206,Wild Growth,2
206,Force of Nature,2
206,Darnassus Aspirant,2
206,Azure Drake,1
206,Savage Roar,2
206,Druid of the Claw,2
207,Faceless Manipulator,1
207,Lightbomb,1
207,Power Word: Shield,2
207,Inner Fire,2
207,Eydis Darkbane,1
207,Fjola Lightbane,1
207,Deathlord,2
207,Confuse,2
207,Loatheb,1
207,Gnomeregan Infantry,1
207,Zombie Chow,2
207,Northshire Cleric,2
207,Acolyte of Pain,1
207,Shadow Word: Death,2
207,Velen&#x27;s Chosen,2
207,Tournament Medic,2
207,Holy Nova,1
207,Divine Spirit,2
208,Shield Block,2
208,Execute,2
208,Blackwing Corruptor,2
208,Cruel Taskmaster,1
208,Twilight Guardian,2
208,Brawl,1
208,Shieldmaiden,2
208,Armorsmith,1
208,Death&#x27;s Bite,2
208,Dr. Boom,1
208,Shield Slam,2
208,Slam,1
208,Alexstrasza,1
208,Azure Drake,1
208,Blackwing Technician,2
208,Ysera,1
208,Fiery War Axe,2
208,Grommash Hellscream,1
208,Bash,2
209,Healing Wave,1
209,Mana Tide Totem,1
209,Blackwing Corruptor,2
209,Chillmaw,1
209,Twilight Guardian,2
209,Chromaggus,1
209,Earthen Ring Farseer,1
209,Hex,2
209,Fire Elemental,2
209,Ancestral Knowledge,1
209,Twilight Drake,2
209,Zombie Chow,2
209,Sludge Belcher,1
209,Rockbiter Weapon,2
209,Azure Drake,2
209,Lightning Storm,2
209,Ysera,1
209,Emperor Thaurissan,1
209,Antique Healbot,1
210,Polymorph,2
210,Blackwing Corruptor,2
210,Frostbolt,2
210,Chillmaw,1
210,Effigy,1
210,Alexstrasza,1
210,Twilight Guardian,2
210,Rend Blackhand,1
210,Twilight Drake,2
210,Duplicate,2
210,Explosive Sheep,2
210,Mad Scientist,2
210,Azure Drake,2
210,Ysera,1
210,Emperor Thaurissan,1
210,Antique Healbot,2
210,Fallen Hero,2
211,Shield Block,1
211,Death&#x27;s Bite,2
211,Execute,2
211,Cruel Taskmaster,1
211,Justicar Trueheart,1
211,Obsidian Destroyer,1
211,Brawl,2
211,Armorsmith,2
211,Big Game Hunter,1
211,Shieldmaiden,2
211,Elise Starseeker,1
211,Shield Slam,2
211,Arch-Thief Rafaam,1
211,Slam,1
211,Sludge Belcher,2
211,Grommash Hellscream,1
211,Fiery War Axe,2
211,Fierce Monkey,2
211,Dr. Boom,1
211,Bash,1
212,Bolster,2
212,Fiery War Axe,2
212,Sparring Partner,2
212,Kor&#x27;kron Elite,2
212,Brawl,2
212,Armorsmith,2
212,Defender of Argus,1
212,Loatheb,1
212,Shieldmaiden,1
212,Varian Wrynn,1
212,Sen&#x27;jin Shieldmasta,2
212,Sunfury Protector,2
212,Death&#x27;s Bite,2
212,Evil Heckler,2
212,Emperor Thaurissan,1
212,Dr. Boom,1
212,Ragnaros the Firelord,1
212,Sludge Belcher,2
213,Flamewaker,2
213,Mirror Image,1
213,Frostbolt,2
213,Unstable Portal,2
213,Water Elemental,1
213,Mana Wyrm,2
213,Nexus-Champion Saraad,1
213,Mad Scientist,2
213,Mirror Entity,2
213,Azure Drake,1
213,Fireball,2
213,Arcane Intellect,1
213,Flamecannon,1
214,Dark Cultist,1
214,Velen&#x27;s Chosen,1
214,Power Word: Shield,2
214,Mind Control,1
214,Twilight Whelp,2
214,Faerie Dragon,1
214,Light of the Naaru,1
214,Convert,1
214,Nefarian,1
214,Chromaggus,1
214,Twilight Drake,1
214,Dragonkin Sorcerer,1
214,Northshire Cleric,2
214,Wyrmrest Agent,1
214,Divine Spirit,1
214,Shadow Word: Death,1
214,Shadow Word: Pain,1
214,Azure Drake,2
214,Blackwing Technician,2
214,Holy Nova,2
214,Holy Champion,2
215,Unleash the Hounds,2
215,Houndmaster,2
215,Tomb Spider,1
215,Animal Companion,2
215,Hunter&#x27;s Mark,1
215,Freezing Trap,1
215,Eaglehorn Bow,2
215,Snake Trap,1
215,Knife Juggler,2
215,Kill Command,2
215,Ironbeak Owl,1
215,Gahz&#x27;rilla,1
215,Call Pet,2
215,Injured Kvaldir,1
215,Webspinner,2
215,Stampeding Kodo,1
215,Desert Camel,2
215,Haunted Creeper,2
216,Fan of Knives,2
216,Backstab,2
216,Tinker&#x27;s Sharpsword Oil,2
216,Piloted Shredder,2
216,Earthen Ring Farseer,1
216,Violet Teacher,1
216,Loatheb,1
216,Kezan Mystic,1
216,Preparation,2
216,SI:7 Agent,2
216,Eviscerate,2
216,Azure Drake,2
216,Sprint,2
216,Sap,1
216,Antique Healbot,1
216,Blade Flurry,2
216,Annoy-o-Tron,2
217,Lord Jaraxxus,1
217,Molten Giant,2
217,Ironbeak Owl,1
217,Antique Healbot,2
217,Sludge Belcher,2
217,Big Game Hunter,1
217,Shadowflame,2
217,Defender of Argus,1
217,Mountain Giant,2
217,Twilight Drake,2
217,Nexus-Champion Saraad,1
217,Sunfury Protector,2
217,Hellfire,1
217,Emperor Thaurissan,1
217,Mortal Coil,2
217,Ancient Watcher,2
217,Darkbomb,2
217,Dr. Boom,1
217,Siphon Soul,1
218,Sir Finley Mrrgglton,1
218,Everyfin is Awesome,2
218,Puddlestomper,2
218,Bluegill Warrior,2
218,Grimscale Oracle,2
218,Siltfin Spiritwalker,2
218,Hungry Crab,1
218,Murloc Tidecaller,2
218,Hex,1
218,Murloc Tinyfin,2
218,Coldlight Seer,2
218,Neptulon,1
218,Murloc Warleader,2
218,Coldlight Oracle,2
218,Murloc Tidehunter,2
218,Lightning Storm,1
218,Old Murk-Eye,1
219,Gormok the Impaler,1
219,Mal&#x27;Ganis,1
219,Sea Giant,1
219,Abusive Sergeant,2
219,Power Overwhelming,2
219,Voidwalker,2
219,Doomguard,2
219,Knife Juggler,2
219,Big Game Hunter,1
219,Flame Imp,1
219,Defender of Argus,2
219,Imp-losion,2
219,Loatheb,1
219,Voidcaller,2
219,Dr. Boom,1
219,Imp Gang Boss,2
219,Nerubian Egg,2
219,Haunted Creeper,2
220,Unleash the Hounds,2
220,Argent Squire,2
220,Tracking,2
220,Webspinner,2
220,Freezing Trap,2
220,Snake Trap,2
220,Timber Wolf,2
220,Quick Shot,2
220,Kill Command,2
220,Houndmaster,2
220,Hobgoblin,2
220,Angry Chicken,2
220,Young Dragonhawk,2
220,Elven Archer,2
221,Unleash the Hounds,2
221,Houndmaster,2
221,Animal Companion,2
221,Freezing Trap,2
221,Flare,1
221,Eaglehorn Bow,2
221,Knife Juggler,2
221,Quick Shot,2
221,Loatheb,1
221,Kill Command,2
221,Piloted Shredder,2
221,Ironbeak Owl,1
221,Mad Scientist,2
221,Webspinner,2
221,Ram Wrangler,2
221,Haunted Creeper,1
222,Unleash the Hounds,1
222,Bear Trap,1
222,Houndmaster,2
222,Animal Companion,2
222,Hunter&#x27;s Mark,1
222,Freezing Trap,2
222,Eaglehorn Bow,2
222,Glaivezooka,1
222,Knife Juggler,2
222,Quick Shot,1
222,Loatheb,1
222,Webspinner,2
222,Piloted Shredder,2
222,Ironbeak Owl,1
222,Mad Scientist,2
222,Kill Command,2
222,Dr. Boom,1
222,Haunted Creeper,2
223,Unleash the Hounds,2
223,Leper Gnome,2
223,Arcane Golem,2
223,Ironbeak Owl,1
223,Abusive Sergeant,2
223,Animal Companion,2
223,Hunter&#x27;s Mark,1
223,Explosive Trap,2
223,Eaglehorn Bow,1
223,Glaivezooka,1
223,Knife Juggler,2
223,Quick Shot,2
223,Kill Command,2
223,Argent Horserider,1
223,Mad Scientist,2
223,Haunted Creeper,2
223,Acolyte of Pain,1
224,Savage Combatant,2
224,Ironbeak Owl,1
224,Swipe,2
224,Mounted Raptor,2
224,Druid of the Claw,2
224,Innervate,2
224,Living Roots,2
224,Savage Roar,2
224,Force of Nature,2
224,Druid of the Saber,2
224,Jungle Panther,2
224,Darnassus Aspirant,2
224,Wildwalker,2
224,Knight of the Wild,2
224,Haunted Creeper,1
224,Druid of the Fang,1
225,Piloted Shredder,2
225,Avenge,2
225,Equality,1
225,Redemption,2
225,Noble Sacrifice,2
225,Competitive Spirit,1
225,Repentance,1
225,Knife Juggler,2
225,Coghammer,1
225,Loatheb,1
225,Divine Favor,1
225,Mysterious Challenger,2
225,Secretkeeper,2
225,Tirion Fordring,1
225,Shielded Minibot,2
225,Dr. Boom,1
225,Muster for Battle,2
225,Annoy-o-Tron,2
226,Dark Cultist,2
226,Museum Curator,2
226,Power Word: Shield,2
226,Elise Starseeker,1
226,Confessor Paletress,1
226,Lightbomb,1
226,Sneed&#x27;s Old Shredder,1
226,Piloted Shredder,2
226,Resurrect,2
226,Anubisath Sentinel,2
226,Zombie Chow,2
226,Northshire Cleric,2
226,Kel&#x27;Thuzad,1
226,Sludge Belcher,2
226,Shadow Word: Death,1
226,Shadow Word: Pain,1
226,Velen&#x27;s Chosen,2
226,Holy Nova,1
226,Baron Rivendare,1
227,Acidic Swamp Ooze,2
227,Target Dummy,2
227,Gnomeregan Infantry,1
227,Deathlord,2
227,Holy Fire,2
227,Defender of Argus,2
227,Resurrect,2
227,Goldshire Footman,2
227,Light of the Naaru,2
227,Sunfury Protector,2
227,Tournament Attendee,2
227,Annoy-o-Tron,2
227,Flash Heal,2
227,Frostwolf Grunt,1
227,Youthful Brewmaster,2
228,Tuskarr Totemic,2
228,Fireguard Destroyer,2
228,Rumbling Elemental,2
228,Earth Shock,1
228,Feral Spirit,1
228,Hex,2
228,Fire Elemental,2
228,Loatheb,1
228,Antique Healbot,1
228,Tunnel Trogg,2
228,Rockbiter Weapon,2
228,Totem Golem,2
228,Azure Drake,2
228,Lightning Storm,2
228,Flametongue Totem,2
228,Brann Bronzebeard,1
228,Dr. Boom,1
228,The Mistcaller,1
229,Shadow Madness,1
229,Mind Control,1
229,Lightbomb,2
229,Deathlord,2
229,Holy Fire,2
229,Shadowform,1
229,Excavated Evil,2
229,Antique Healbot,2
229,Sen&#x27;jin Shieldmasta,1
229,Sludge Belcher,2
229,Shadow Word: Death,2
229,Shadow Word: Pain,2
229,Holy Smite,1
229,Entomb,2
229,Tournament Medic,1
229,Doomsayer,2
229,Holy Nova,2
229,Vol&#x27;jin,1
230,Mirror Entity,1
230,Arcane Missiles,2
230,Fireball,2
230,Mirror Image,1
230,Frostbolt,2
230,Unstable Portal,2
230,Effigy,2
230,Sludge Belcher,1
230,Antique Healbot,1
230,Mana Wyrm,2
230,Flamestrike,1
230,Nexus-Champion Saraad,1
230,Mad Scientist,2
230,Archmage Antonidas,1
230,Azure Drake,2
230,Flamewaker,2
230,Emperor Thaurissan,1
230,Dr. Boom,1
230,Ice Block,1
231,Unleash the Hounds,2
231,Bear Trap,2
231,Tracking,2
231,Arcane Shot,2
231,Deadly Shot,2
231,Freezing Trap,2
231,Flare,1
231,Eaglehorn Bow,2
231,Summoning Stone,2
231,Explosive Trap,2
231,Multi-Shot,1
231,Lock and Load,2
231,King&#x27;s Elekk,2
231,Elise Starseeker,1
231,Emperor Thaurissan,1
231,Animal Companion,2
232,Crackle,2
232,Lava Shock,2
232,Ancestor&#x27;s Call,2
232,Earth Shock,2
232,Lava Burst,1
232,Hex,2
232,Healing Wave,2
232,Elemental Destruction,2
232,Ancestral Knowledge,2
232,Alexstrasza,1
232,Coldlight Oracle,2
232,Azure Drake,2
232,Lightning Storm,2
232,Malygos,1
232,Emperor Thaurissan,1
232,Antique Healbot,2
233,Power Word: Shield,1
233,Light of the Naaru,2
233,Dancing Swords,2
233,Deathlord,2
233,Holy Fire,2
233,Mass Dispel,2
233,Defender of Argus,2
233,Lil&#x27; Exorcist,1
233,Power Word: Glory,2
233,Sunfury Protector,2
233,Shadow Word: Death,2
233,Shadow Word: Pain,2
233,Flash Heal,2
233,Refreshment Vendor,1
233,Holy Nova,2
233,Youthful Brewmaster,2
234,Brann Bronzebeard,1
234,Fan of Knives,2
234,Sap,2
234,Gang Up,2
234,Vanish,2
234,Shadowstep,2
234,Reno Jackson,1
234,Loatheb,1
234,Preparation,2
234,Mechanical Yeti,2
234,SI:7 Agent,2
234,Sir Finley Mrrgglton,1
234,Beneath the Grounds,2
234,Eviscerate,2
234,Sprint,1
234,King Mukla,1
234,Antique Healbot,2
235,Unleash the Hounds,2
235,Wolfrider,2
235,Ironbeak Owl,2
235,Animal Companion,2
235,Abusive Sergeant,2
235,Leper Gnome,2
235,Explosive Trap,1
235,Eaglehorn Bow,2
235,Glaivezooka,2
235,Quick Shot,2
235,Kill Command,2
235,Webspinner,2
235,Argent Horserider,2
235,Ironfur Grizzly,1
235,Haunted Creeper,2
236,Unearthed Raptor,2
236,Sideshow Spelleater,1
236,Fencing Coach,1
236,Eviscerate,2
236,Earthen Ring Farseer,1
236,Zombie Chow,2
236,Nexus-Champion Saraad,1
236,SI:7 Agent,2
236,Antique Healbot,1
236,Sir Finley Mrrgglton,1
236,Backstab,2
236,Refreshment Vendor,1
236,The Skeleton Knight,1
236,Azure Drake,1
236,Fan of Knives,1
236,Kodorider,1
236,Shadowstep,1
236,Frost Giant,2
236,Nerubian Egg,1
236,Piloted Shredder,1
236,Buccaneer,1
236,Sap,2
237,Shield Block,2
237,Execute,2
237,Gorehowl,1
237,Cruel Taskmaster,1
237,Justicar Trueheart,1
237,Revenge,1
237,Piloted Shredder,2
237,Brawl,2
237,Baron Geddon,1
237,Big Game Hunter,1
237,Harrison Jones,1
237,Death&#x27;s Bite,2
237,Sludge Belcher,2
237,Alexstrasza,1
237,Fiery War Axe,2
237,Deathwing,1
237,Shieldmaiden,2
237,Antique Healbot,1
237,Bash,2
238,Unleash the Hounds,2
238,Sylvanas Windrunner,1
238,Houndmaster,1
238,Kezan Mystic,1
238,Animal Companion,2
238,Hunter&#x27;s Mark,2
238,Explosive Trap,1
238,Flare,2
238,Eaglehorn Bow,1
238,Snake Trap,1
238,Knife Juggler,2
238,Loatheb,1
238,Kill Command,1
238,Piloted Shredder,2
238,Ironbeak Owl,1
238,Mad Scientist,2
238,Feign Death,1
238,Dr. Boom,1
238,Haunted Creeper,2
238,Sludge Belcher,1
239,Ironbeak Owl,1
239,Abusive Sergeant,2
239,Lance Carrier,2
239,Power Overwhelming,1
239,Voidwalker,2
239,Knife Juggler,2
239,Dark Iron Dwarf,2
239,Loatheb,1
239,Defender of Argus,2
239,Imp-losion,2
239,Dark Peddler,2
239,Dr. Boom,1
239,Brann Bronzebeard,1
239,Imp Gang Boss,2
239,Nerubian Egg,2
239,Echoing Ooze,2
239,Frostwolf Warlord,1
240,Shield Block,1
240,Execute,2
240,Fiery War Axe,2
240,Justicar Trueheart,1
240,Alexstrasza,1
240,Baron Geddon,1
240,Armorsmith,2
240,Death&#x27;s Bite,2
240,Shieldmaiden,2
240,Shield Slam,2
240,Acolyte of Pain,2
240,Brawl,1
240,Dr. Boom,1
240,Elise Starseeker,1
240,Emperor Thaurissan,1
240,Ysera,1
240,Fierce Monkey,2
240,Grommash Hellscream,1
240,Bash,1
240,Sludge Belcher,2
241,Lord Jaraxxus,1
241,Molten Giant,2
241,Ironbeak Owl,2
241,Dreadsteed,2
241,Demonwrath,2
241,Mal&#x27;Ganis,1
241,Voidcaller,2
241,Imp Gang Boss,2
241,Sludge Belcher,1
241,Sacrificial Pact,1
241,Big Game Hunter,1
241,Defender of Argus,1
241,Zombie Chow,1
241,Sunfury Protector,1
241,Hellfire,1
241,Mortal Coil,2
241,Baron Rivendare,1
241,Darkbomb,2
241,Antique Healbot,2
241,Siphon Soul,1
242,Bloodmage Thalnos,1
242,Ice Barrier,2
242,Blizzard,1
242,Frostbolt,2
242,Flamestrike,1
242,Alexstrasza,1
242,Frost Nova,2
242,Arcane Blast,2
242,Loot Hoarder,2
242,Explosive Sheep,1
242,Mad Scientist,2
242,Ice Lance,2
242,Acolyte of Pain,1
242,Emperor Thaurissan,1
242,Malygos,1
242,Doomsayer,2
242,Antique Healbot,1
242,Arcane Intellect,2
242,Ice Block,2
243,Fan of Knives,1
243,Deadly Poison,2
243,Backstab,2
243,Unearthed Raptor,2
243,Tomb Pillager,2
243,Sneed&#x27;s Old Shredder,1
243,Lance Carrier,1
243,Trade Prince Gallywix,1
243,Anub&#x27;arak,1
243,Nerubian Egg,1
243,Piloted Shredder,2
243,Arch-Thief Rafaam,1
243,SI:7 Agent,2
243,Sludge Belcher,1
243,Dark Iron Skulker,2
243,Elise Starseeker,1
243,Burgle,1
243,Sprint,1
243,Shado-Pan Rider,1
243,Assassinate,1
243,Haunted Creeper,2
244,Swipe,2
244,Wrath,2
244,Piloted Shredder,2
244,Keeper of the Grove,2
244,Innervate,2
244,Wild Growth,2
244,Force of Nature,2
244,Darnassus Aspirant,1
244,Savage Roar,2
244,Emperor Thaurissan,1
244,Druid of the Claw,2
245,Murloc Knight,1
245,Tirion Fordring,1
245,Equality,2
245,Holy Light,1
245,Shielded Minibot,2
245,Piloted Shredder,2
245,Knife Juggler,2
245,Big Game Hunter,1
245,Loatheb,1
245,Wild Pyromancer,2
245,Guardian of Kings,1
245,Consecration,2
245,Humility,1
245,Dr. Boom,1
245,Azure Drake,2
245,Stampeding Kodo,2
245,Sunwalker,2
245,Muster for Battle,2
246,Tuskarr Totemic,2
246,Sir Finley Mrrgglton,1
246,Lava Shock,1
246,Fireguard Destroyer,2
246,Enhance-o Mechano,1
246,Lava Burst,1
246,Feral Spirit,1
246,Crackle,2
246,Bloodlust,1
246,Tunnel Trogg,2
246,Ancestral Knowledge,1
246,Unbound Elemental,2
246,Totem Golem,2
246,Azure Drake,2
246,Lightning Storm,2
246,Flametongue Totem,2
246,Dr. Boom,1
246,Haunted Creeper,2
247,Leper Gnome,2
247,Arcane Golem,2
247,Truesilver Champion,2
247,Equality,1
247,Abusive Sergeant,2
247,Blessing of Kings,2
247,Shielded Minibot,2
247,Knife Juggler,2
247,Hammer of Wrath,2
247,Sword of Justice,1
247,Divine Favor,2
247,Consecration,1
247,Ironbeak Owl,1
247,Southsea Deckhand,2
247,Blessing of Might,1
247,Reckless Rocketeer,1
247,Argent Protector,1
247,Muster for Battle,2
248,Fan of Knives,2
248,Bloodmage Thalnos,1
248,Vanish,1
248,Dancing Swords,2
248,Backstab,2
248,Unearthed Raptor,2
248,Shadowstep,2
248,Deathlord,2
248,Reno Jackson,1
248,Gang Up,2
248,Sludge Belcher,1
248,Eviscerate,2
248,Coldlight Oracle,2
248,Azure Drake,1
248,Brann Bronzebeard,1
248,Sap,2
248,Antique Healbot,1
248,Blade Flurry,1
249,Powermace,2
249,Leper Gnome,2
249,Arcane Golem,1
249,Ironbeak Owl,1
249,Abusive Sergeant,2
249,Piloted Shredder,1
249,Crackle,2
249,Lava Burst,2
249,Knife Juggler,2
249,Bloodlust,1
249,Doomhammer,1
249,Tuskarr Totemic,2
249,Whirling Zap-o-matic,2
249,Clockwork Gnome,1
249,Rockbiter Weapon,2
249,Totem Golem,1
249,Haunted Creeper,2
249,Argent Horserider,2
